date,open,high,low,close,volume
2012-05-11,35.0,36.0,33.33,34.88,15893663
2012-05-14,35.15,36.48,34.16,35.2,13807934
2012-05-15,35.0,35.56,34.21,34.22,6733565
2012-05-16,34.94,36.77,34.6,35.6,8658342
2012-05-17,35.6,36.38,35.1,35.76,5311422
2012-05-18,35.03,35.09,34.0,34.31,5904134
2012-05-21,34.47,34.47,32.5,32.96,4715693
2012-05-22,33.15,33.6,32.8,33.29,2336002
2012-05-23,33.08,33.8,32.75,33.65,2814233
2012-05-24,33.71,35.11,33.4,33.98,4253316
2012-05-25,33.91,34.28,33.02,33.26,2506967
2012-05-28,33.55,35.55,33.55,35.27,4373947
2012-05-29,34.87,36.45,34.72,35.6,4272282
2012-05-30,35.4,37.49,35.3,36.92,4248837
2012-05-31,36.8,37.48,36.6,36.8,3692277
2012-06-01,36.75,38.54,36.63,38.04,3790055
2012-06-04,37.5,39.76,37.5,38.16,4707307
2012-06-05,38.57,38.8,37.75,38.4,2744567
2012-06-06,38.58,38.88,37.46,37.8,2410146
2012-06-07,39.0,40.18,38.22,38.51,3870972
2012-06-08,38.55,38.88,37.28,37.28,3566859
2012-06-11,37.21,39.39,36.9,39.39,2855079
2012-06-12,38.91,40.27,38.72,38.72,3263561
2012-06-13,38.88,40.36,38.5,40.24,2627990
2012-06-14,40.05,40.48,38.8,38.8,3303221
2012-06-15,38.79,40.12,38.21,40.06,2842180
2012-06-18,40.1,40.38,39.81,40.0,1974751
2012-06-19,39.92,39.92,38.8,39.03,2169002
2012-06-20,39.11,39.38,38.22,38.39,1761668
2012-06-21,38.32,38.88,38.13,38.7,1493724
2012-06-25,38.43,38.69,36.68,36.68,2055673
2012-06-26,36.5,36.51,35.28,35.73,2000171
2012-06-27,35.74,37.18,35.6,35.99,2257996
2012-06-28,36.01,36.43,35.47,35.47,1690828
2012-06-29,35.13,36.55,34.83,36.45,2170591
2012-07-02,36.59,36.95,35.95,36.65,2107741
2012-07-03,36.5,37.55,36.3,36.89,1906355
2012-07-04,37.1,38.34,37.1,37.41,1987500
2012-07-05,35.0,35.0,33.67,33.67,2667162
2012-07-06,32.98,32.98,30.45,31.28,5019569
2012-07-09,31.0,31.15,30.44,30.6,2390925
2012-07-10,30.31,30.83,29.3,29.91,2617503
2012-07-11,29.7,29.87,29.35,29.78,1363654
2012-07-12,29.78,30.25,29.1,29.9,2434537
2012-07-13,29.82,30.74,29.2,29.39,3037710
2012-07-16,28.8,28.8,26.45,26.45,2380614
2012-07-17,25.68,26.39,25.31,26.13,1884709
2012-07-18,26.0,26.59,25.52,26.45,1360530
2012-07-19,26.39,27.28,26.23,26.75,1787065
2012-07-20,26.6,27.03,26.43,26.47,1016850
2012-07-23,25.99,26.8,25.55,26.7,1095352
2012-07-24,26.3,27.19,26.1,26.9,1071294
2012-07-25,26.87,27.66,26.52,26.76,1204228
2012-07-26,26.75,27.11,26.2,26.38,994672
2012-07-27,26.61,26.85,26.35,26.83,1038557
2012-07-30,26.9,27.25,25.27,25.27,1361898
2012-07-31,24.99,25.15,23.84,24.01,1575842
2012-08-01,24.05,24.75,24.05,24.45,884431
2012-08-02,24.45,24.6,23.88,24.1,772749
2012-08-03,24.24,26.51,24.1,26.51,3185722
2012-08-06,25.99,26.99,25.88,26.83,2528563
2012-08-07,26.61,27.53,26.5,27.01,2588162
2012-08-08,26.8,29.18,26.71,27.91,3104494
2012-08-09,27.8,28.43,27.72,28.38,2562314
2012-08-10,28.38,28.38,27.4,28.24,2531482
2012-08-13,27.0,27.0,25.42,25.42,3563396
2012-08-14,25.09,26.1,25.09,26.05,2002175
2012-08-15,25.99,25.99,25.03,25.1,1732785
2012-08-16,25.0,25.1,24.25,24.4,2306476
2012-08-17,24.4,25.37,24.3,25.05,1879193
2012-08-20,24.78,25.13,24.41,24.94,1484295
2012-08-21,24.94,25.8,24.9,25.56,2191461
2012-08-22,25.42,25.62,24.75,24.94,2447142
2012-08-23,24.9,25.69,24.65,25.67,2777485
2012-08-24,25.55,25.55,24.7,24.81,1943646
2012-08-27,24.5,24.5,22.61,22.8,3018393
2012-08-28,22.81,23.49,22.68,23.19,1673446
2012-08-29,23.04,23.78,22.9,23.34,1766156
2012-08-30,24.18,25.67,23.99,25.67,7144860
2012-08-31,25.78,25.95,25.0,25.63,5579748
2012-09-03,25.2,26.3,24.7,26.22,5670319
2012-09-04,26.6,27.59,25.91,25.91,6353652
2012-09-05,25.11,25.89,24.9,25.5,3419330
2012-09-06,25.49,25.9,25.33,25.8,2445162
2012-09-07,25.0,26.35,24.7,26.03,6077965
2012-09-10,25.95,26.65,25.65,26.34,4214598
2012-09-11,26.1,26.16,25.7,26.02,2739583
2012-09-12,26.21,26.74,25.92,26.52,3131295
2012-09-13,26.45,27.67,26.38,26.78,5248593
2012-09-14,26.7,26.98,25.71,26.13,3504663
2012-09-17,26.06,26.06,24.43,24.43,2981680
2012-09-18,24.11,24.69,24.01,24.2,1380639
2012-09-19,24.22,24.6,24.22,24.59,976078
2012-09-20,24.58,24.58,23.01,23.08,2136910
2012-09-21,23.08,23.44,22.7,22.82,1324791
2012-09-24,22.75,23.26,22.26,23.01,1073856
2012-09-25,22.9,23.13,22.48,22.6,845930
2012-09-26,22.5,22.69,21.5,21.64,1297697
2012-09-27,21.75,22.4,21.5,22.25,1275648
2012-09-28,22.06,22.79,22.0,22.73,1226019
2012-10-08,22.52,22.96,22.4,22.6,1154774
2012-10-09,22.51,23.46,22.51,23.36,1570726
2012-10-10,23.25,23.78,23.16,23.55,1211071
2012-10-11,23.35,23.35,22.57,22.65,1749498
2012-10-12,22.5,22.94,22.06,22.25,1313863
2012-10-15,22.08,22.08,20.24,20.7,3085447
2012-10-16,20.77,21.08,20.54,20.8,1391256
2012-10-17,20.85,21.05,20.45,21.0,1201958
2012-10-18,21.0,21.37,20.92,21.28,1316017
2012-10-19,21.31,21.42,21.04,21.34,1161425
2012-10-22,21.26,21.48,21.07,21.41,975498
2012-10-23,21.32,21.47,20.8,20.8,1423821
2012-10-24,20.55,20.95,20.55,20.73,816211
2012-10-25,20.79,21.47,20.74,20.93,1648651
2012-10-26,20.99,21.1,20.16,20.26,1500807
2012-10-29,20.37,20.79,20.27,20.31,1398457
2012-10-30,20.32,20.49,20.15,20.25,782656
2012-10-31,20.25,20.25,19.76,19.99,1019510
2012-11-01,20.04,20.53,19.96,20.39,1181760
2012-11-02,20.49,20.86,20.4,20.58,1127387
2012-11-05,20.54,20.61,20.12,20.26,893813
2012-11-06,20.3,21.1,20.26,21.1,2509839
2012-11-07,21.0,21.18,20.71,20.77,1375296
2012-11-08,20.5,20.52,19.7,19.7,1882556
2012-11-09,19.65,19.9,19.64,19.8,803079
2012-11-12,19.98,20.01,19.75,19.96,624821
2012-11-13,19.96,21.08,19.61,20.45,2905408
2012-11-14,20.35,20.96,20.16,20.89,2145280
2012-11-15,20.7,20.83,20.05,20.08,1359603
2012-11-16,19.9,20.29,19.81,20.24,827919
2012-11-19,20.2,20.8,20.08,20.8,1287718
2012-11-20,20.85,21.07,20.55,20.64,1289691
2012-11-21,20.65,21.01,20.27,20.91,1282629
2012-11-22,20.77,21.19,20.51,20.96,1532645
2012-11-23,21.07,21.07,20.63,20.69,1197420
2012-11-26,20.59,20.7,19.8,19.81,1413428
2012-11-27,19.73,19.9,18.66,18.67,1324914
2012-11-28,18.6,18.81,18.1,18.3,856152
2012-11-29,18.35,18.43,17.64,17.7,1149832
2012-11-30,17.71,17.93,17.56,17.78,777445
2012-12-03,17.78,17.78,16.47,16.54,1219104
2012-12-04,16.42,16.89,16.0,16.78,1018701
2012-12-05,16.68,17.7,16.57,17.37,1404044
2012-12-06,17.3,17.95,17.3,17.43,1187787
2012-12-07,17.46,17.9,17.38,17.87,1423683
2012-12-10,17.9,18.5,17.75,18.37,1886102
2012-12-11,18.39,18.39,17.96,18.0,1474492
2012-12-12,17.91,18.26,17.78,18.2,1279334
2012-12-13,18.2,18.78,18.0,18.0,2129791
2012-12-14,17.79,18.96,17.73,18.85,2877852
2012-12-17,18.88,19.58,18.7,19.52,2963484
2012-12-18,19.5,19.5,18.88,19.02,2384688
2012-12-19,19.0,19.34,18.91,19.09,1272351
2012-12-20,19.67,20.55,19.67,19.85,4065255
2012-12-21,19.7,21.84,19.64,21.84,6556515
2012-12-24,22.08,23.86,21.88,23.86,8417876
2012-12-25,23.5,25.66,23.2,24.35,7789678
2012-12-26,24.36,26.79,24.33,26.79,7833999
2012-12-27,27.62,29.39,27.01,27.28,10661876
2012-12-28,26.82,29.58,26.51,28.2,9136374
2012-12-31,27.98,27.98,25.84,26.26,7243410
2013-01-04,26.5,28.89,26.5,28.89,7564794
2013-01-07,28.65,31.48,28.19,30.22,8421535
2013-01-08,29.66,30.8,28.81,29.28,5895401
2013-01-09,28.5,28.96,27.77,28.6,4987914
2013-01-10,28.49,30.56,28.42,29.6,6039205
2013-01-11,30.0,30.84,28.83,28.96,5819093
2013-01-14,28.6,30.09,27.8,29.83,5215492
2013-01-15,29.79,30.89,29.3,29.7,5014080
2013-01-16,29.41,29.44,27.92,28.22,4918851
2013-01-17,28.2,28.25,26.97,27.0,3151104
2013-01-18,27.0,27.97,26.95,27.8,3105340
2013-01-21,27.82,28.19,27.27,28.19,2716817
2013-01-22,27.95,28.19,26.2,26.38,3378763
2013-01-23,26.34,26.34,25.28,26.17,3498934
2013-01-24,27.58,27.98,26.16,26.6,5966840
2013-01-25,26.21,26.36,25.67,25.77,2182984
2013-01-28,25.75,26.6,25.72,26.43,2266246
2013-01-29,26.44,27.11,26.21,26.75,2250139
2013-01-30,26.87,26.87,25.56,25.7,3125112
2013-01-31,25.58,25.58,24.71,24.88,2621291
2013-02-01,24.85,25.44,24.72,25.13,1756445
2013-02-04,25.15,25.65,24.36,25.34,2170240
2013-02-05,25.01,27.56,25.01,27.3,4717529
2013-02-06,26.98,27.6,26.78,26.79,2396803
2013-02-07,26.84,27.75,26.5,27.3,2559938
2013-02-08,27.11,27.85,27.0,27.74,2475273
2013-02-18,27.96,28.6,27.52,27.8,2155025
2013-02-19,27.6,27.78,25.82,25.85,2791627
2013-02-20,25.91,26.47,25.62,26.44,1527049
2013-02-21,26.25,26.25,25.31,25.8,1868357
2013-02-22,25.66,26.11,25.51,25.59,1303471
2013-02-25,25.63,25.94,25.53,25.77,1060958
2013-02-26,25.78,26.61,25.75,26.14,2595287
2013-02-27,26.28,26.4,24.81,25.2,2448380
2013-02-28,25.27,26.29,25.01,25.93,1982885
2013-03-01,25.89,26.65,25.61,26.55,2475534
2013-03-04,26.32,26.35,25.42,25.71,1895371
2013-03-05,25.67,26.42,25.51,26.25,1504449
2013-03-06,26.4,27.3,26.31,27.12,2750986
2013-03-07,27.14,27.26,26.01,26.11,2244168
2013-03-08,26.15,27.16,26.15,26.27,1893545
2013-03-11,26.28,26.55,25.8,26.08,913026
2013-03-12,26.27,26.27,24.3,24.55,2318299
2013-03-13,24.55,24.69,23.88,24.17,1080984
2013-03-14,24.17,24.36,23.98,24.14,616511
2013-03-15,24.25,24.68,23.81,24.11,1031281
2013-03-18,23.95,24.19,23.69,23.69,746156
2013-03-19,23.95,24.56,23.95,24.46,1402590
2013-03-20,24.6,25.27,24.27,25.2,1792184
2013-03-21,25.0,25.45,24.9,25.1,1418003
2013-03-22,25.11,25.16,24.65,24.88,945455
2013-03-25,24.61,24.98,24.16,24.4,919135
2013-03-26,24.3,24.3,23.41,23.75,1124560
2013-03-27,23.75,24.44,23.41,23.7,511011
2013-03-28,23.58,23.58,22.08,22.2,1828284
2013-03-29,22.44,22.46,21.81,21.88,959497
2013-04-01,21.99,22.52,21.99,22.31,1012939
2013-04-02,22.45,22.57,21.8,21.84,945222
2013-04-03,21.9,22.02,21.3,21.47,739543
2013-04-08,19.71,20.25,19.45,20.01,1464954
2013-04-09,19.99,20.79,19.99,20.59,1071040
2013-04-10,20.91,21.47,20.72,20.98,1478053
2013-04-11,20.98,21.28,20.38,20.4,790486
2013-04-12,20.12,20.52,20.03,20.08,609018
2013-04-15,20.04,20.43,19.95,20.08,432681
2013-04-16,19.88,20.46,19.61,20.46,672305
2013-04-17,20.34,20.59,20.26,20.59,615256
2013-04-18,20.49,21.48,20.31,21.29,1182898
2013-04-19,21.27,21.77,21.08,21.44,1195613
2013-04-22,21.12,21.84,21.1,21.59,1126226
2013-04-23,21.5,21.5,20.36,20.36,1140923
2013-04-24,20.38,21.06,20.25,20.87,822307
2013-04-25,20.77,20.97,20.03,20.11,1025375
2013-04-26,20.11,20.38,19.51,19.61,655401
2013-05-02,19.2,19.9,19.2,19.65,473990
2013-05-03,19.71,20.68,19.71,20.38,974194
2013-05-06,20.68,20.94,20.38,20.79,909746
2013-05-07,20.79,21.48,20.79,21.08,1164131
2013-05-08,20.9,21.88,20.71,21.61,1938059
2013-05-09,21.58,21.7,21.19,21.55,1477872
2013-05-10,21.38,22.57,21.37,22.43,2573238
2013-05-13,22.2,22.48,21.87,22.48,1556833
2013-05-14,22.51,22.98,22.07,22.37,1809865
2013-05-15,22.37,22.67,21.84,22.61,1445415
2013-05-16,22.74,24.78,22.66,23.41,4133958
2013-05-17,23.1,24.18,22.7,23.83,2428473
2013-05-20,24.0,24.92,23.83,24.75,2558474
2013-05-21,25.73,26.67,25.38,25.85,3409513
2013-05-22,26.7,27.5,25.8,26.47,4795532
2013-05-23,25.78,26.37,24.9,24.95,2908190
2013-05-24,24.81,26.6,24.8,26.55,3391726
2013-05-27,26.45,27.3,26.02,26.35,2462256
2013-05-28,26.35,26.45,25.03,25.3,2058374
2013-05-29,25.6,25.67,25.1,25.34,1476789
2013-05-30,25.47,25.47,24.74,25.05,1461173
2013-05-31,25.33,26.3,25.33,26.08,2847821
2013-06-03,25.9,26.43,25.08,25.48,2075318
2013-06-04,27.0,27.6,26.02,26.49,5865675
2013-06-05,26.5,26.78,25.01,25.26,2975129
2013-06-06,12.01,12.46,11.33,11.55,4107453
2013-06-07,11.7,12.27,11.61,11.7,4177525
2013-06-13,11.4,11.4,10.53,11.04,3126576
2013-06-14,10.84,11.52,10.82,11.36,2571801
2013-06-17,11.71,12.5,11.61,12.22,8409060
2013-06-18,12.17,12.49,11.5,12.19,5827943
2013-06-19,11.82,12.78,11.8,12.59,6785479
2013-06-20,12.45,13.15,12.11,12.2,5984445
2013-06-21,11.8,12.79,11.32,12.61,4736217
2013-06-24,12.49,12.87,11.5,11.84,5882128
2013-06-25,11.52,12.36,10.66,11.83,4838620
2013-06-26,11.73,12.75,11.6,12.63,6602542
2013-06-27,12.65,12.92,12.15,12.26,6426470
2013-06-28,12.18,12.18,11.34,11.5,4973472
2013-07-01,11.35,11.5,10.72,11.49,4883381
2013-07-02,11.4,12.0,11.27,11.68,4435757
2013-07-03,11.65,12.06,11.27,11.9,4114740
2013-07-04,11.7,11.84,11.43,11.55,3895722
2013-07-05,11.66,12.0,11.0,11.1,3792983
2013-07-08,10.79,10.8,9.99,9.99,4253756
2013-07-09,9.82,10.09,9.4,9.56,3901774
2013-07-10,9.6,9.85,9.4,9.84,3064347
2013-07-11,9.82,10.4,9.68,10.18,3704591
2013-07-12,10.07,10.46,9.96,10.3,3752854
2013-07-15,10.09,10.58,9.96,10.43,4415748
2013-07-16,10.68,11.28,10.66,10.81,5666632
2013-07-17,10.6,10.8,10.18,10.25,4161606
2013-07-18,10.31,11.16,10.22,10.89,6048327
2013-07-19,10.73,11.19,10.66,10.66,4748350
2013-07-22,10.55,11.15,10.5,10.95,2611989
2013-07-23,11.0,11.18,10.83,11.15,4333067
2013-07-24,11.16,11.37,10.85,11.37,4892796
2013-07-25,11.36,11.36,10.6,10.71,4260949
2013-07-26,10.61,10.92,10.36,10.64,2245720
2013-07-29,11.0,11.58,10.8,11.08,6045029
2013-07-30,10.91,11.01,10.48,10.68,3367083
2013-07-31,10.61,10.94,10.56,10.61,1773191
2013-08-01,10.63,11.02,10.52,10.92,2563402
2013-08-02,10.94,11.49,10.94,11.13,4187265
2013-08-05,11.08,11.62,11.07,11.54,4658200
2013-08-06,11.6,11.7,11.31,11.58,4006566
2013-08-07,11.57,12.68,11.13,12.11,8906369
2013-08-08,11.9,12.48,11.8,12.15,5047751
2013-08-09,12.0,12.18,11.6,11.7,4229845
2013-08-12,11.61,11.85,11.4,11.72,3090729
2013-08-13,11.61,12.49,11.53,12.43,5791950
2013-08-14,12.4,12.48,12.08,12.4,3586029
2013-08-15,12.3,12.48,12.06,12.08,2256216
2013-08-16,12.05,12.37,11.59,11.7,2776992
2013-08-19,11.8,12.37,11.66,12.3,3053089
2013-08-20,12.23,12.9,12.23,12.67,4840609
2013-08-21,12.57,13.12,12.57,12.87,3860665
2013-08-22,12.73,13.02,12.56,12.69,2591986
2013-08-23,12.68,13.96,12.68,13.96,7647924
2013-08-26,13.99,14.68,13.64,14.3,7835417
2013-08-27,14.22,14.4,13.81,14.0,4339072
2013-08-28,13.86,14.35,13.53,13.81,4021117
2013-08-29,13.78,14.05,13.61,13.72,2766527
2013-08-30,13.72,14.37,13.55,14.11,5482761
2013-09-02,14.11,14.73,14.02,14.63,4595408
2013-09-03,14.56,14.86,14.32,14.72,3174317
2013-09-04,14.78,15.25,14.4,14.98,3996266
2013-09-05,14.98,16.39,14.82,15.99,6908929
2013-09-06,15.89,16.65,15.69,16.16,6386334
2013-09-09,16.16,16.59,15.48,15.85,4654011
2013-09-10,15.9,16.15,15.07,15.55,4144693
2013-09-11,15.55,15.7,14.56,14.97,4235638
2013-09-12,14.84,15.3,14.5,14.98,2754091
2013-09-13,14.97,15.23,14.81,14.96,2586966
2013-09-16,15.08,15.35,14.65,15.16,2371209
2013-09-17,15.21,15.28,14.57,14.62,1843290
2013-09-18,14.68,15.95,14.6,15.85,4532582
2013-09-23,15.75,16.49,15.6,16.35,3870802
2013-09-24,16.4,16.95,15.9,16.25,4790483
2013-09-25,16.36,16.69,16.13,16.28,2578573
2013-09-26,16.39,16.92,16.21,16.58,3992851
2013-09-27,16.58,16.95,16.2,16.81,2622526
2013-09-30,16.91,17.49,16.64,17.48,2678916
2013-10-08,17.4,17.99,17.21,17.64,2714638
2013-10-09,17.5,17.76,16.71,17.4,2853939
2013-10-10,17.05,18.5,17.05,17.8,4300931
2013-10-11,17.8,18.1,17.45,17.68,2559525
2013-10-14,17.61,17.8,17.05,17.49,1767284
2013-10-15,17.49,17.64,16.65,16.79,2377930
2013-10-16,16.82,17.16,16.26,16.49,2448271
2013-10-17,16.42,17.42,16.3,17.07,2182616
2013-10-18,17.15,17.17,16.7,17.06,901795
2013-10-21,17.2,18.24,16.91,18.23,2866727
2013-10-22,18.18,18.68,17.31,17.5,3262650
2013-10-23,17.85,17.85,15.8,17.16,3802808
2013-10-24,16.73,17.08,16.3,16.81,2170343
2013-10-25,16.55,16.93,15.6,15.89,1676443
2013-10-28,15.7,16.17,15.48,15.84,970759
2013-10-29,15.55,16.0,14.82,15.4,1810021
2013-10-30,15.4,15.99,15.23,15.7,1213705
2013-10-31,15.7,15.84,15.3,15.55,792320
2013-11-01,15.37,16.1,14.9,15.84,2560149
2013-11-04,15.81,16.35,15.26,16.15,1139928
2013-11-05,16.28,16.99,15.91,16.88,1604030
2013-11-06,17.09,18.57,17.0,18.0,5542858
2013-11-07,17.8,18.13,17.45,17.6,2148845
2013-11-08,17.4,17.59,15.84,16.05,3733511
2013-11-11,16.08,16.38,15.63,16.09,1629521
2013-11-12,16.0,16.64,15.76,16.58,1410642
2013-11-13,16.61,16.61,15.98,16.0,1285455
2013-11-14,15.95,16.3,15.55,16.15,2695024
2013-11-15,16.3,17.17,16.25,16.65,2404240
2013-11-18,16.52,17.03,16.4,16.99,1925138
2013-11-19,16.98,17.57,16.73,17.31,2207172
2013-11-20,17.32,17.69,16.8,17.16,1721745
2013-11-21,16.98,17.2,16.56,17.08,1419439
2013-11-22,17.13,17.28,16.65,16.87,1153844
2013-11-25,16.76,16.88,16.4,16.46,1141445
2013-11-26,16.7,16.72,16.3,16.56,824804
2013-11-27,16.57,17.37,16.55,17.31,2230840
2013-11-28,17.31,18.2,17.13,17.67,3130765
2013-11-29,17.69,18.4,17.55,18.02,3278575
2013-12-02,17.22,17.58,16.42,16.5,3572275
2013-12-03,16.25,17.43,16.01,17.33,3291995
2013-12-04,17.28,19.06,17.03,19.06,6027820
2013-12-05,20.0,20.48,18.71,18.88,11333452
2013-12-06,18.0,19.69,17.84,19.25,7118487
2013-12-09,19.0,19.5,18.83,19.26,3043328
2013-12-10,19.07,20.4,18.57,19.91,5041123
2013-12-11,19.78,19.78,18.19,18.6,4690714
2013-12-12,18.35,18.85,17.86,18.42,2460405
2013-12-13,18.3,18.95,17.95,18.59,2163879
2013-12-16,18.55,18.75,17.49,17.8,2565183
2013-12-17,17.8,18.65,17.56,18.0,1582158
2013-12-18,17.87,18.43,17.55,18.0,1864810
2013-12-19,18.0,18.0,16.2,16.58,5040933
2013-12-20,16.41,16.46,15.74,15.94,2120693
2013-12-23,15.92,16.22,15.62,16.0,1710108
2013-12-24,15.98,16.36,15.81,16.26,1516318
2013-12-25,16.2,16.89,16.08,16.75,1643287
2013-12-26,16.7,16.94,16.11,16.15,1629117
2013-12-27,16.25,16.48,15.8,16.03,3172973
2013-12-30,16.08,16.4,15.91,16.4,2438677
2013-12-31,16.25,16.52,15.81,16.52,1530160
2014-01-02,16.46,16.82,16.22,16.82,1777896
2014-01-03,16.85,17.65,16.7,16.86,3164623
2014-01-06,16.86,16.86,15.95,16.26,2234112
2014-01-07,16.1,16.22,15.51,15.96,2656283
2014-01-08,15.95,16.28,15.81,16.22,1938424
2014-01-09,16.2,16.2,15.65,15.67,1261170
2014-01-10,15.84,15.84,15.01,15.25,1443630
2014-01-13,15.25,15.42,14.1,14.1,2018381
2014-01-14,14.2,14.65,14.11,14.6,1189405
2014-01-15,14.65,15.15,14.55,14.76,1471548
2014-01-16,14.95,15.16,14.71,15.11,1743331
2014-01-17,15.04,15.28,14.8,14.98,848297
2014-01-20,14.86,15.0,14.57,14.82,859612
2014-01-21,14.85,15.48,14.84,15.21,2153112
2014-01-22,15.3,15.67,15.11,15.67,1922724
2014-01-23,15.77,16.25,15.53,16.14,2258011
2014-01-24,16.18,16.74,16.0,16.5,3225812
2014-01-27,16.45,18.15,16.08,18.15,5683963
2014-01-28,18.19,18.56,17.48,17.6,7197276
2014-01-29,17.88,18.11,17.4,17.9,3618686
2014-01-30,17.89,17.89,17.04,17.3,2792303
2014-02-07,17.14,17.96,17.0,17.84,3084725
2014-02-10,17.9,19.16,17.9,18.71,5618588
2014-02-11,18.6,18.74,17.8,18.45,3956704
2014-02-12,18.21,19.66,18.21,19.11,5457488
2014-02-13,18.93,18.99,17.54,17.7,5224954
2014-02-14,17.71,18.22,17.5,17.85,2993493
2014-02-17,18.01,18.8,17.76,18.57,4459009
2014-02-18,18.87,19.19,18.23,18.86,4996711
2014-02-19,18.9,18.99,18.37,18.67,3208278
2014-02-20,19.0,19.0,18.03,18.12,2616260
2014-02-21,18.06,19.7,18.06,19.0,5747969
2014-02-24,19.0,19.09,18.46,19.0,3635817
2014-02-25,19.15,19.78,18.0,18.38,6211351
2014-02-26,17.68,17.9,16.96,17.56,4407518
2014-02-27,17.3,18.15,16.72,16.78,3397216
2014-02-28,16.8,17.68,16.2,17.67,2773726
2014-03-03,17.55,18.76,17.55,18.74,3337563
2014-03-04,18.78,19.37,18.3,19.35,3800616
2014-03-05,19.9,20.8,19.75,20.1,8715156
2014-03-06,19.7,20.63,19.42,20.07,3502436
2014-03-07,20.61,21.2,19.82,20.07,4594766
2014-03-10,19.6,21.08,19.41,20.07,4624363
2014-03-11,20.2,21.48,20.0,20.57,4140084
2014-03-12,20.18,20.35,18.51,19.39,5817244
2014-03-13,18.9,19.39,18.7,19.38,2478121
2014-03-14,19.19,19.69,18.82,19.58,1723863
2014-03-17,19.6,21.54,19.6,21.54,6588532
2014-03-18,22.0,23.57,21.65,22.99,8374294
2014-03-19,22.67,23.35,22.54,22.88,4939144
2014-03-20,22.98,23.86,22.1,22.12,6799588
2014-03-21,21.81,22.28,20.75,21.83,5227896
2014-03-24,21.59,21.89,21.0,21.57,3496768
2014-03-25,21.56,23.45,21.21,23.45,4276238
2014-03-26,23.45,23.85,23.0,23.66,3260451
2014-03-27,23.6,24.18,22.23,22.78,4786105
2014-03-28,22.35,22.64,21.31,22.26,2589258
2014-03-31,21.79,22.29,21.48,22.22,2339285
2014-04-01,22.15,23.66,21.8,23.36,3842222
2014-04-02,23.38,24.5,23.31,23.89,4967372
2014-04-03,23.52,23.95,22.9,23.53,2550613
2014-04-04,23.32,24.64,23.09,24.49,3857451
2014-04-08,23.73,24.5,23.51,24.0,3205355
2014-04-09,24.0,25.18,23.83,24.54,4108391
2014-04-10,24.85,24.85,23.52,23.87,4239892
2014-04-11,23.01,23.48,22.62,23.39,2697706
2014-04-14,23.0,24.21,23.0,24.21,2135967
2014-04-15,24.01,24.29,23.0,24.24,2044212
2014-04-16,24.0,24.2,23.52,23.75,1108333
2014-04-17,23.86,24.78,23.56,24.49,2113405
2014-04-18,24.31,25.61,24.31,25.38,2800891
2014-04-21,25.3,25.52,24.7,24.93,1374575
2014-04-22,24.8,25.39,23.1,24.43,3005541
2014-04-23,24.18,24.44,23.72,24.09,1033324
2014-04-24,23.87,24.1,23.11,23.7,1325999
2014-04-25,23.68,24.4,23.21,23.84,1906271
2014-04-28,23.54,23.8,22.09,23.1,2155060
2014-04-29,23.0,23.21,22.41,23.2,1284803
2014-04-30,23.17,23.72,23.0,23.65,1031221
2014-05-05,23.76,24.62,23.32,24.53,879873
2014-05-06,24.68,26.3,24.67,25.55,3518301
2014-05-07,25.05,25.3,24.61,24.65,1734379
2014-05-08,24.95,25.35,24.21,24.89,1475052
2014-05-09,24.24,24.87,23.26,24.55,1899121
2014-05-12,24.39,25.21,23.8,25.15,1956827
2014-05-13,25.15,25.18,24.44,24.8,1203867
2014-05-14,24.6,25.66,24.6,25.5,2078950
2014-05-15,25.25,25.49,24.8,24.9,1098896
2014-05-16,24.58,24.8,23.6,24.43,1524810
2014-05-19,24.36,24.47,23.8,24.4,536825
2014-05-20,24.4,24.96,23.79,23.92,846969
2014-05-21,23.49,24.55,23.33,24.2,655452
2014-05-22,24.22,24.78,24.0,24.38,1284226
2014-05-23,24.26,24.4,23.9,24.11,736004
2014-05-26,24.11,25.34,23.9,25.05,2855426
2014-05-27,24.9,26.15,24.78,25.9,3914501
2014-05-28,25.9,26.05,25.39,26.03,2711862
2014-05-29,25.83,25.96,24.6,25.15,3048002
2014-05-30,24.83,26.91,24.66,26.57,3683709
2014-06-03,26.41,26.8,25.78,26.08,2015666
2014-06-04,25.91,26.16,25.55,26.04,1027689
2014-06-05,26.15,26.6,25.6,25.88,2750330
2014-06-06,25.62,25.99,25.25,25.7,1350448
2014-06-09,25.5,26.14,25.5,25.79,1384040
2014-06-10,25.77,25.96,24.99,25.75,2110138
2014-06-11,26.4,26.53,25.51,26.25,2428179
2014-06-12,17.4,17.56,16.99,17.43,1941377
2014-06-13,17.43,19.17,17.2,18.78,5664287
2014-06-16,18.78,19.55,18.63,18.97,6079510
2014-06-17,19.06,19.28,18.5,18.84,2741673
2014-06-18,19.02,19.16,18.7,18.74,2403998
2014-06-19,18.6,18.6,17.55,18.18,3898758
2014-06-20,18.05,18.21,17.31,18.19,4616010
2014-06-23,18.7,18.7,18.08,18.21,2093035
2014-06-24,18.21,18.37,17.75,18.18,1732002
2014-06-25,18.1,18.18,17.59,17.79,1295859
2014-06-26,17.7,18.33,17.63,18.12,1859646
2014-06-27,18.15,18.75,17.9,18.49,3434673
2014-06-30,18.54,18.9,18.43,18.53,2683394
2014-07-01,18.45,18.78,18.26,18.67,2318153
2014-07-02,18.7,18.96,18.45,18.73,2070056
2014-07-03,18.71,19.29,18.71,19.1,3224211
2014-07-04,19.1,19.28,18.6,18.82,2294332
2014-07-07,18.78,18.86,18.4,18.86,2017707
2014-07-08,18.83,18.99,18.55,18.94,1727944
2014-07-09,18.93,19.4,18.58,18.75,2405414
2014-07-10,18.6,18.89,18.56,18.77,1163641
2014-07-11,18.61,19.12,18.61,18.9,1728581
2014-07-14,18.95,18.95,18.6,18.9,1325801
2014-07-15,18.88,18.9,18.61,18.65,1087053
2014-07-16,18.61,18.7,17.6,17.92,3408862
2014-07-17,17.91,18.08,17.52,17.95,1276612
2014-07-18,17.57,18.06,17.57,17.94,890478
2014-07-21,17.78,18.27,17.78,18.19,1293672
2014-07-22,18.09,18.36,18.05,18.3,1031189
2014-07-23,18.35,18.46,17.9,18.18,1008523
2014-07-24,18.23,18.23,17.54,17.9,1442513
2014-07-25,17.76,18.09,17.35,18.08,2929559
2014-07-28,18.0,18.17,17.82,18.09,1496541
2014-07-29,18.08,18.51,18.06,18.29,1375907
2014-07-30,19.88,19.88,18.61,18.95,3138330
2014-07-31,19.01,19.1,18.68,18.79,1723186
2014-08-01,18.72,18.95,18.6,18.9,1309944
2014-08-04,18.9,18.99,18.77,18.88,891123
2014-08-05,18.85,19.19,18.6,19.19,1525989
2014-08-06,19.3,20.0,19.3,19.68,3453695
2014-08-07,19.57,19.83,19.31,19.36,1501038
2014-08-08,19.6,20.1,19.51,19.55,2587976
2014-08-11,19.5,19.97,19.5,19.6,1541606
2014-08-12,19.78,20.0,19.53,19.78,2369286
2014-08-13,19.98,20.35,19.75,20.35,2675247
2014-08-14,20.36,21.33,20.16,21.2,4299982
2014-08-15,21.0,23.3,20.56,22.18,5177752
2014-08-18,22.65,23.1,21.83,22.71,3985944
2014-08-19,22.51,23.42,22.02,22.99,3874455
2014-08-20,22.72,23.11,22.41,22.42,2222586
2014-08-21,22.42,23.43,22.42,22.79,3210510
2014-08-22,22.82,22.96,22.41,22.79,2199062
2014-08-25,22.72,23.11,22.5,22.81,1766048
2014-08-26,22.8,24.4,22.5,24.1,5056496
2014-08-27,24.0,24.28,23.5,23.97,2860948
2014-08-28,23.97,23.97,23.12,23.49,1935903
2014-08-29,23.49,24.39,23.22,24.05,2535396
2014-09-01,24.0,24.14,23.57,23.95,1726228
2014-09-02,24.1,24.16,23.55,24.06,1891646
2014-09-03,24.16,24.76,23.96,24.57,2231495
2014-09-04,24.38,24.56,24.0,24.4,1616662
2014-09-05,24.48,24.72,24.21,24.43,1634658
2014-09-09,24.44,24.52,23.9,24.36,1996655
2014-09-10,23.5,23.94,23.2,23.8,3237432
2014-09-11,23.33,24.08,23.33,23.79,2130849
2014-09-12,23.78,23.99,23.45,23.9,1009811
2014-09-15,23.78,25.08,23.78,24.45,2576772
2014-09-16,24.77,24.77,23.6,23.6,1771085
2014-09-17,23.78,24.2,23.27,23.51,1670942
2014-09-18,23.68,23.88,23.38,23.78,1407903
2014-09-19,23.7,24.27,23.7,24.15,1563554
2014-09-22,24.09,24.44,23.77,24.44,1466064
2014-09-23,24.6,24.79,24.37,24.69,1246679
2014-09-24,24.97,24.97,24.67,24.83,1470395
2014-09-25,24.87,25.07,24.1,24.68,1945238
2014-09-26,24.43,24.67,24.3,24.47,930013
2014-09-29,24.46,24.6,24.17,24.43,1845091
2014-09-30,24.43,25.45,24.43,25.38,2896383
2014-10-08,24.8,26.0,24.52,25.58,3317927
2014-10-09,25.58,25.88,25.0,25.6,2338002
2014-10-10,25.46,25.6,24.9,25.29,1560760
2014-10-13,25.01,25.28,24.48,24.65,2008160
2014-10-14,24.52,24.94,24.48,24.61,743038
2014-10-15,24.61,24.76,24.5,24.68,748129
2014-10-16,24.58,24.86,23.8,24.1,2060333
2014-10-17,23.92,24.18,23.2,23.3,1597265
2014-10-20,23.7,24.5,23.3,24.5,2422158
2014-10-21,24.46,25.04,24.24,24.8,1585674
2014-10-22,24.74,24.99,24.17,24.57,1534011
2014-10-23,24.34,24.56,23.55,23.98,1338869
2014-10-24,24.13,24.28,23.73,24.18,570585
2014-10-27,24.27,24.54,23.5,24.48,1928268
2014-10-28,24.68,24.85,24.52,24.64,2063758
2014-10-29,24.65,25.16,24.5,25.11,2333722
2014-10-30,25.0,25.35,24.68,24.8,1544190
2014-10-31,24.8,24.95,24.52,24.79,1679403
2014-11-03,24.79,25.16,24.62,25.0,1509384
2014-11-04,24.99,25.0,24.36,24.79,1130692
2014-11-05,24.64,25.06,24.64,24.92,1377451
2014-11-06,24.95,25.14,24.53,24.83,953210
2014-11-07,24.83,25.0,24.6,24.67,1052691
2014-11-10,24.79,24.79,24.25,24.65,1078822
2014-11-11,24.51,24.76,23.82,24.0,1217205
2014-11-12,23.91,24.55,23.3,24.55,1187639
2014-11-13,24.55,24.88,24.1,24.71,1486834
2014-11-14,24.89,25.21,24.69,25.2,3073203
2014-11-17,25.3,25.43,24.91,25.06,1738611
2014-11-18,24.9,25.05,24.51,24.68,898968
2014-11-19,24.75,24.9,24.3,24.7,891796
2014-11-20,24.79,24.85,24.45,24.72,914149
2014-11-21,24.76,24.87,24.68,24.74,1379433
2014-11-24,24.72,25.08,24.62,24.8,1560203
2014-11-25,24.97,25.0,24.49,24.81,1674859
2014-11-26,24.81,25.29,24.73,25.16,1651678
2014-11-27,25.2,27.2,25.17,27.2,5773988
2014-11-28,27.1,27.31,26.68,27.14,3136220
2014-12-01,27.6,27.65,25.79,26.0,3050457
2014-12-02,25.8,26.4,25.8,25.96,1521553
2014-12-03,25.92,26.28,24.88,26.28,2443978
2014-12-04,26.31,26.57,25.83,25.88,2254943
2014-12-05,25.89,28.19,24.94,26.6,4582044
2014-12-08,26.03,26.05,25.1,25.15,3791585
2014-12-09,25.15,25.6,23.46,23.76,3139118
2014-12-10,23.88,24.46,23.51,23.98,2017323
2014-12-11,24.06,24.2,23.72,24.01,2224134
2014-12-12,24.01,24.85,24.01,24.8,1085207
2014-12-15,25.2,26.0,25.2,25.6,1905380
2014-12-16,25.8,25.8,24.8,25.17,1960580
2014-12-17,24.81,24.99,24.39,24.6,1607840
2014-12-18,24.5,24.67,24.41,24.5,738653
2014-12-19,24.5,24.63,23.5,24.13,1367479
2014-12-22,24.15,24.37,21.77,23.45,1850346
2014-12-23,23.38,23.4,22.51,23.2,481430
2014-12-24,23.43,23.49,22.8,23.0,668830
2014-12-25,23.39,23.44,22.85,23.44,861183
2014-12-26,23.3,23.54,22.89,23.03,1055271
2014-12-29,23.07,23.07,21.88,21.95,1331189
2014-12-30,21.86,22.08,20.87,22.07,2144849
2014-12-31,22.4,22.4,21.75,21.98,982845
2015-01-05,21.54,22.16,21.3,21.71,1537006
2015-01-06,21.59,22.55,21.3,22.26,984979
2015-01-07,22.35,22.39,21.62,22.1,786368
2015-01-08,21.89,22.94,21.89,22.77,1286347
2015-01-09,23.3,23.54,22.82,22.88,1030878
2015-01-12,22.88,23.2,22.6,22.88,623749
2015-01-13,22.94,23.18,22.8,22.88,581722
2015-01-14,22.66,23.11,22.66,23.1,1084892
2015-01-15,23.18,23.93,23.11,23.73,886859
2015-01-16,23.87,23.93,23.48,23.84,859094
2015-01-19,23.6,23.98,22.9,23.69,1026392
2015-01-20,23.88,24.5,23.71,24.42,954263
2015-01-21,24.42,24.67,24.26,24.4,584471
2015-01-22,24.79,24.79,24.03,24.39,617414
2015-01-23,24.37,24.49,24.1,24.46,758830
2015-01-26,24.46,24.7,24.27,24.6,991965
2015-01-27,24.88,27.0,24.61,25.85,4411875
2015-01-30,26.45,26.59,24.89,25.37,2058607
2015-02-02,25.0,25.98,24.6,25.65,2228292
2015-02-03,26.46,26.47,25.53,26.24,2241947
2015-02-04,26.24,26.9,26.02,26.61,1491538
2015-02-05,26.68,26.97,26.5,26.6,1031532
2015-02-06,26.43,26.48,25.57,25.88,885966
2015-02-09,25.88,25.88,25.02,25.15,838594
2015-02-10,24.8,25.86,24.8,25.75,557616
2015-02-11,25.51,26.58,25.51,26.38,1208769
2015-02-12,26.39,26.53,26.11,26.45,905665
2015-02-13,26.5,27.46,26.3,27.21,2016769
2015-02-16,27.21,29.93,27.21,29.3,2939987
2015-02-17,29.25,29.78,29.03,29.74,1159070
2015-02-25,29.99,30.0,29.09,29.3,1176509
2015-02-26,29.3,29.54,28.52,28.64,1468003
2015-02-27,28.57,29.36,28.29,29.36,1174622
2015-03-02,29.5,30.4,29.37,30.17,1359336
2015-03-03,30.75,30.77,29.81,29.88,1278056
2015-03-04,30.0,30.16,29.68,29.8,1164416
2015-03-05,29.8,30.24,29.62,30.08,1003281
2015-03-06,32.8,33.09,30.6,31.66,5688591
2015-04-10,34.83,34.83,34.83,34.83,27708
2015-04-13,38.31,38.31,38.31,38.31,71337
2015-04-14,42.14,42.14,42.14,42.14,72358
2015-04-15,46.0,46.0,42.0,42.57,9721689
2015-04-16,42.0,43.83,40.11,42.88,4992492
2015-04-17,44.82,47.15,42.61,42.97,3538648
2015-04-20,39.16,43.13,39.16,42.18,2912267
2015-04-21,42.0,44.55,41.1,44.01,3344997
2015-04-22,44.6,47.9,44.05,47.23,2606458
2015-04-23,21.8,22.49,20.5,21.1,8558965
2015-04-24,20.55,22.0,20.55,21.29,6244738
2015-04-27,21.51,23.18,21.51,22.59,9083204
2015-04-28,22.8,22.99,20.95,21.3,7650568
2015-04-29,21.1,21.19,20.0,20.2,12679916
2015-04-30,19.95,20.2,18.68,19.0,15221413
2015-05-04,19.09,19.09,18.18,18.69,12381756
2015-05-05,18.49,18.98,17.5,17.89,10993866
2015-05-06,18.11,18.4,17.71,17.83,9147717
2015-05-07,17.9,17.9,16.05,16.1,21199494
2015-05-08,16.3,17.06,16.11,16.91,22731494
2015-05-11,17.1,18.6,17.02,18.6,22495456
2015-05-12,19.1,20.46,19.1,19.65,22804200
2015-05-13,19.72,20.11,18.51,19.74,12526430
2015-05-14,19.6,21.71,19.32,21.71,20302572
2015-05-15,22.0,23.6,21.01,22.29,14686436
2015-05-18,22.07,22.8,21.5,22.05,13603247
2015-05-19,21.7,22.77,21.69,22.39,9125424
2015-05-20,22.1,23.57,22.1,22.69,11875527
2015-05-21,22.7,24.42,22.6,24.32,11618237
2015-05-22,25.61,26.45,24.61,24.69,14557219
2015-05-26,25.85,25.88,23.98,25.21,14960321
2015-05-27,25.21,25.22,23.33,24.29,17105832
2015-05-28,24.29,24.39,21.86,21.86,17116572
2015-05-29,21.6,22.64,20.1,21.77,12675404
2015-06-01,21.77,22.9,21.67,22.55,12245040
2015-06-02,22.55,23.43,22.0,22.85,15243587
2015-06-03,22.95,23.55,22.31,22.99,19187756
2015-06-04,23.11,23.4,20.69,21.9,14016727
2015-06-05,21.92,22.38,21.2,21.38,15944826
2015-06-08,21.37,21.38,19.88,20.5,13685012
2015-06-09,20.5,21.24,20.2,20.9,9918128
2015-06-10,20.82,21.85,20.3,21.63,10067567
2015-06-11,21.63,23.63,21.33,23.02,19112666
2015-06-12,23.03,23.65,22.4,22.52,11492692
2015-06-15,22.51,22.97,21.76,22.68,12207086
2015-06-16,22.55,22.55,21.0,21.26,10065596
2015-06-17,21.3,23.39,20.6,23.2,16871296
2015-06-18,23.19,24.78,23.0,23.69,21985004
2015-06-19,23.0,24.7,22.51,23.63,19084916
2015-06-23,23.2,25.99,22.9,25.9,29792448
2015-10-08,23.31,23.31,23.31,23.31,374100
2015-10-09,20.98,20.98,20.98,20.98,111400
2015-10-12,18.88,18.88,18.88,18.88,870700
2015-10-13,16.99,16.99,16.99,16.99,3030100
2015-10-14,15.52,16.31,15.38,15.79,94528760
2015-10-15,15.44,16.25,15.25,16.16,56636568
2015-10-16,16.17,16.21,15.6,15.81,41119972
2015-10-19,15.76,16.1,15.6,16.07,33401388
2015-10-20,16.18,16.76,16.08,16.39,34959576
2015-10-21,16.28,16.35,14.75,14.75,40153888
2015-10-22,14.61,15.25,14.5,15.19,23505728
2015-10-23,15.35,15.37,15.03,15.3,21796332
2015-10-26,15.68,15.68,15.16,15.46,18053924
2015-10-27,15.2,15.4,14.6,15.28,17441148
2015-10-28,15.29,16.04,15.15,15.64,25665448
2015-10-29,15.8,16.0,15.3,15.43,19054228
2015-10-30,15.42,15.42,14.81,14.98,15523421
2015-11-02,14.67,15.2,14.5,14.86,11188955
2015-11-03,14.86,15.05,14.46,14.54,11449757
2015-11-04,14.58,15.18,14.58,15.17,15507193
2015-11-05,15.25,15.29,14.85,14.95,17058580
2015-11-06,15.01,15.42,15.01,15.31,19738596
2015-11-09,15.2,15.81,15.0,15.66,24281338
2015-11-10,15.48,15.88,15.4,15.57,21097460
2015-11-11,15.69,16.45,15.52,16.24,32160552
2015-11-12,16.3,16.35,15.76,15.94,24547928
2015-11-13,15.87,15.87,15.08,15.38,19171648
2015-11-16,15.1,16.12,15.0,16.07,18662066
2015-11-17,16.28,16.28,15.64,15.82,23193336
2015-11-18,15.9,16.11,15.65,15.87,16578322
2015-11-19,15.91,16.68,15.88,16.66,30119244
2015-11-20,16.7,17.8,16.7,17.38,37604620
2015-11-23,17.33,17.33,16.49,16.59,25385920
2015-11-24,17.54,18.15,17.06,17.3,37396480
2015-11-25,17.01,17.43,16.9,17.31,24009216
2015-11-26,17.33,17.46,16.81,16.91,19952262
2015-11-27,16.75,16.89,15.22,15.38,26810932
2015-11-30,15.22,15.48,13.98,15.1,21088088
2015-12-01,15.0,15.17,14.74,14.83,12219310
2015-12-02,14.85,15.1,13.89,14.32,15916000
2015-12-03,14.39,14.83,14.33,14.77,13687495
2015-12-04,14.8,15.15,14.74,14.88,15260233
2015-12-07,15.07,15.47,15.07,15.34,15565447
2015-12-08,15.3,15.3,14.7,14.72,13182507
2015-12-09,14.55,14.82,14.17,14.38,14669517
2015-12-10,14.54,14.6,14.31,14.49,9635505
2015-12-11,14.45,14.49,13.87,14.08,12282086
2015-12-14,13.98,14.44,13.84,14.38,11271211
2015-12-15,14.43,14.89,14.15,14.77,13405475
2015-12-16,14.86,14.97,14.61,14.67,10723910
2015-12-17,14.78,15.21,14.7,15.16,16631120
2015-12-18,15.14,15.33,14.85,14.95,14002332
2015-12-21,14.9,15.12,14.83,14.98,11429554
2015-12-22,15.0,15.16,14.85,15.07,10477451
2015-12-23,15.25,15.35,14.81,14.83,13129277
2015-12-24,14.78,14.9,14.42,14.63,9630030
2015-12-25,14.63,14.75,14.5,14.58,9514540
2015-12-28,14.65,14.98,14.56,14.62,14733540
2015-12-29,14.7,15.25,14.51,15.24,16562059
2015-12-30,15.28,15.33,14.88,15.02,13007086
2015-12-31,14.97,15.18,14.65,14.65,9971117
2016-01-04,14.63,14.84,13.19,13.31,10526454
2016-01-05,12.37,13.42,12.16,12.65,15319768
2016-01-06,12.89,13.3,12.75,13.1,10140124
2016-01-07,12.11,12.82,11.83,11.93,3386113
2016-01-08,12.26,12.44,11.01,11.81,12259531
2016-01-11,11.43,11.65,10.63,10.63,12872390
2016-01-12,10.38,10.73,9.9,10.33,15201277
2016-01-13,10.5,10.57,9.67,9.7,12397842
2016-01-14,9.36,10.12,9.15,10.05,15594533
2016-01-15,9.94,10.0,9.2,9.35,16307273
2016-01-18,9.25,9.79,9.12,9.56,16538790
2016-01-19,9.54,10.08,9.43,10.05,17499348
2016-01-20,9.9,10.19,9.81,9.86,20293972
2016-01-21,9.66,10.49,9.6,9.8,26075588
2016-01-22,9.99,10.08,9.5,9.81,16896060
2016-01-25,9.99,10.05,9.64,9.76,14568153
2016-01-26,9.84,10.15,9.12,9.14,24700464
2016-01-27,9.16,9.31,8.24,8.82,18725488
2016-01-28,8.57,8.76,8.11,8.19,12317126
2016-01-29,8.16,8.64,8.13,8.45,16601696
2016-02-01,8.36,8.5,8.13,8.37,16108966
2016-02-02,8.57,9.21,8.44,9.21,20547676
2016-02-03,9.25,9.47,8.91,9.26,35311220
2016-02-04,9.24,9.5,9.08,9.35,30523314
2016-02-05,9.24,9.57,9.12,9.14,19401180
2016-02-15,8.69,9.08,8.52,8.97,12708102
2016-02-16,9.0,9.66,9.0,9.55,23246662
2016-02-17,9.48,9.72,9.28,9.65,23929248
2016-02-18,9.7,9.94,9.44,9.47,25625872
2016-02-19,9.39,9.75,9.36,9.61,21029700
2016-02-22,9.76,9.97,9.63,9.97,26170420
2016-02-23,9.94,9.95,9.53,9.73,19530570
2016-02-24,9.66,9.85,9.42,9.83,19294612
2016-02-25,9.79,9.8,8.85,8.85,23460104
2016-02-26,8.91,8.95,8.33,8.56,18312960
2016-02-29,8.5,8.59,7.7,7.72,17061152
2016-03-01,7.79,8.07,7.58,7.97,14212696
2016-03-02,7.9,8.57,7.9,8.44,17623292
2016-03-03,8.4,8.97,8.35,8.44,18803878
2016-03-04,8.39,8.48,7.8,7.95,15043077
2016-03-07,8.02,8.37,8.02,8.21,12235609
2016-03-08,8.2,8.4,7.76,8.38,15930621
2016-03-09,8.12,8.33,8.06,8.12,11031686
2016-03-10,8.28,8.53,8.07,8.11,14565467
2016-03-11,7.9,8.15,7.81,8.02,9492309
2016-03-14,8.09,8.59,8.09,8.41,18221640
2016-03-15,8.36,8.45,8.23,8.31,11464427
2016-03-16,8.42,8.5,8.1,8.37,14548587
2016-03-17,8.44,9.21,8.38,9.21,36384524
2016-03-18,9.6,9.97,9.25,9.69,75077368
2016-03-21,9.62,10.18,9.5,10.09,59222780
2016-03-22,9.9,10.05,9.73,9.82,35837976
2016-03-23,9.74,10.08,9.71,10.03,30186564
2016-03-24,9.9,9.94,9.69,9.69,30212586
2016-03-25,9.7,10.1,9.6,10.07,32134956
2016-03-28,10.42,10.83,9.85,10.0,39742464
2016-03-29,9.9,10.09,9.51,9.61,27082764
2016-03-30,9.77,10.08,9.69,10.02,24763276
2016-03-31,10.16,10.27,9.82,9.86,24723544
2016-04-01,9.84,9.9,9.53,9.74,18786512
2016-04-05,9.79,10.1,9.72,10.08,24860704
2016-04-06,10.0,10.28,9.91,10.19,24805252
2016-04-07,10.26,10.36,9.8,9.8,25232108
2016-04-08,9.7,9.82,9.5,9.7,19369590
2016-04-11,9.75,10.09,9.75,10.06,20964376
2016-04-12,10.06,10.11,9.81,9.98,16896548
2016-04-13,10.09,10.45,10.02,10.18,33858068
2016-04-14,10.3,10.42,10.11,10.4,24261136
2016-04-15,10.65,10.66,10.2,10.28,22930528
2016-04-18,10.08,10.15,9.81,9.83,18920496
2016-04-19,9.91,10.04,9.82,9.92,13655275
2016-04-20,10.08,10.27,9.04,9.28,31082588
2016-04-21,9.24,9.43,9.03,9.09,16585131
2016-04-22,8.99,9.16,8.94,9.13,12070008
2016-04-25,9.15,9.15,8.85,9.08,11002997
2016-04-26,9.1,9.2,8.97,9.15,10184503
2016-04-27,9.2,9.23,8.97,8.99,11632558
2016-04-28,9.08,9.08,8.6,8.95,11705586
2016-04-29,8.86,8.97,8.76,8.78,9959274
2016-05-03,8.82,9.15,8.76,9.14,15351478
2016-05-04,9.1,9.39,9.05,9.21,16922496
2016-05-05,9.21,9.28,9.1,9.26,9986220
2016-05-06,9.31,9.37,8.92,9.23,22136008
2016-05-09,9.29,9.87,9.21,9.54,47818200
2016-05-10,9.56,9.56,8.76,8.77,30540860
2016-05-11,8.7,8.88,8.4,8.4,18556507
2016-05-12,8.21,8.32,8.05,8.31,10655970
2016-05-13,8.3,8.48,8.23,8.27,8528746
2016-05-16,8.24,8.38,8.1,8.37,7256768
2016-05-17,8.32,8.5,8.24,8.37,10147389
2016-05-18,8.36,8.37,7.89,8.03,11434881
2016-05-19,7.97,8.23,7.97,8.06,8263505
2016-05-20,7.96,8.2,7.91,8.19,9328803
2016-05-23,8.22,8.44,8.22,8.4,9711371
2016-05-24,8.43,8.46,8.26,8.33,8676844
2016-05-25,8.37,8.42,8.17,8.23,10640080
2016-05-26,8.23,8.26,7.96,8.21,9226808
2016-05-27,8.19,8.24,8.11,8.17,7130895
2016-05-30,8.09,8.27,8.01,8.17,5914553
2016-05-31,8.17,8.66,8.17,8.61,16410430
2016-06-01,8.55,8.8,8.55,8.68,15034267
2016-06-02,8.65,9.12,8.62,9.08,22950737
2016-06-03,9.15,9.99,9.14,9.99,54968567
2016-06-06,10.4,10.45,9.95,10.14,51705110
2016-06-07,10.1,10.38,9.92,10.36,32198485
2016-06-08,10.3,11.4,10.02,11.02,44687255
2016-06-13,10.78,11.45,10.1,10.1,37458253
2016-06-14,10.05,10.29,9.58,10.2,25985500
2016-06-15,10.17,11.22,10.12,11.22,30412974
2016-06-16,11.86,12.34,11.86,12.34,19016649
2016-06-17,13.01,13.01,11.7,12.36,55339029
2016-06-20,12.24,13.6,12.01,13.6,52265745
2016-06-21,13.65,14.79,13.14,14.13,58790855
2016-06-22,13.88,14.1,13.31,13.74,34709786
2016-06-23,13.62,13.92,12.82,13.11,36944973
2016-06-24,13.12,13.6,12.35,13.45,34531227
2016-06-27,13.2,14.46,13.11,14.1,32498816
2016-06-28,14.28,14.62,13.62,13.92,32551215
2016-06-29,13.75,14.05,13.42,13.86,21212681
2016-06-30,13.75,13.85,13.05,13.1,27278770
2016-07-01,13.16,13.44,12.82,13.0,17662357
2016-07-04,12.91,13.3,12.84,13.1,26730507
2016-07-05,13.22,13.24,12.6,13.15,31958724
2016-07-06,13.05,13.35,12.9,13.18,22843116
2016-07-07,13.0,13.65,12.85,13.38,32137358
2016-07-08,13.31,13.48,12.96,13.01,18847294
2016-07-11,12.9,12.96,12.12,12.22,32763466
2016-07-12,12.25,12.34,11.75,12.13,27448933
2016-07-13,12.38,12.57,12.15,12.39,26052237
2016-07-14,12.39,12.82,12.27,12.45,20841372
2016-07-15,12.41,12.67,12.32,12.42,12168169
2016-07-18,12.39,12.43,12.02,12.17,10030263
2016-07-19,12.28,12.73,12.2,12.72,18889735
2016-07-20,12.73,13.26,12.65,13.17,30441958
2016-07-21,13.27,13.79,12.93,13.64,32933990
2016-07-22,13.56,13.97,13.42,13.7,24618079
2016-07-25,13.91,13.91,13.0,13.09,19181260
2016-07-26,13.02,13.3,13.0,13.13,11070357
2016-07-27,13.15,13.17,11.82,11.82,23199727
2016-07-28,11.99,12.08,11.02,11.55,30709399
2016-07-29,11.57,11.9,11.41,11.8,18556297
2016-08-01,11.61,12.28,11.07,12.12,20612291
2016-08-02,12.12,12.25,11.95,12.15,10614917
2016-08-03,12.2,12.38,12.05,12.18,9290057
2016-08-04,12.18,12.77,12.04,12.75,16513487
2016-08-05,12.75,12.75,12.17,12.34,11758767
2016-08-08,12.3,12.34,11.83,12.17,7533876
2016-08-09,12.18,12.55,12.14,12.24,9474010
2016-08-10,12.27,12.44,11.93,11.94,12320280
2016-08-11,11.98,12.03,11.62,11.64,10154386
2016-08-12,11.6,11.78,11.51,11.73,6074482
2016-08-15,11.74,12.4,11.56,12.13,12887998
2016-08-16,12.1,12.25,12.05,12.12,9109135
2016-08-17,12.19,12.42,12.08,12.31,10267259
2016-08-18,12.3,12.35,12.11,12.16,8485369
2016-08-19,12.27,12.29,12.11,12.15,7060799
2016-08-22,12.14,12.55,12.13,12.25,14182116
2016-08-23,12.26,12.37,12.1,12.15,8671742
2016-08-24,12.18,12.77,12.18,12.7,19451312
2016-08-25,12.61,12.98,12.35,12.79,17992855
2016-08-26,12.85,13.25,12.73,13.09,18393481
2016-08-29,13.13,13.17,12.5,12.58,14735224
2016-08-30,12.64,12.74,12.41,12.45,9307634
2016-08-31,12.42,12.5,12.21,12.34,8189289
2016-09-01,12.34,12.54,12.23,12.31,7312246
2016-09-02,12.29,12.65,11.87,12.55,14725978
2016-09-05,12.55,12.59,12.35,12.35,6725300
2016-09-06,12.35,12.65,12.05,12.5,9587702
2016-09-07,12.88,13.37,12.7,13.1,26841412
2016-09-08,12.93,13.09,12.78,12.98,10967617
2016-09-09,12.9,12.97,12.6,12.6,7944796
2016-09-12,12.21,12.38,11.75,11.86,11960451
2016-09-13,11.98,12.04,11.8,11.89,6863726
2016-09-14,11.88,12.1,11.68,12.02,5422057
2016-09-19,12.02,12.34,12.02,12.21,7315848
2016-09-20,12.29,12.36,12.14,12.34,5498921
2016-09-21,12.32,12.95,12.32,12.55,11427922
2016-09-22,12.6,12.73,12.48,12.49,7135440
2016-09-23,12.48,12.59,12.13,12.19,7541323
2016-09-26,12.11,12.36,11.98,11.98,5186231
2016-09-27,12.0,12.25,11.9,12.25,4694325
2016-09-28,12.25,12.48,12.14,12.43,5460133
2016-09-29,12.35,12.51,12.34,12.35,4037454
2016-09-30,12.38,13.17,12.32,12.97,21471005
2016-10-20,13.57,13.85,13.21,13.27,26894290
2016-10-21,13.18,13.65,12.88,13.49,17381728
2016-10-24,13.35,13.59,13.18,13.41,10065724
2016-10-25,13.3,13.39,13.16,13.22,6161448
2016-10-26,13.2,13.5,13.14,13.35,9512125
2016-10-27,13.36,13.74,13.36,13.72,17255968
2016-10-28,13.7,13.72,13.35,13.35,8389399
2016-10-31,13.36,13.56,13.04,13.49,7558573
2016-11-01,13.5,13.66,13.4,13.55,7092422
2016-11-02,13.51,13.68,13.1,13.45,8815972
2016-11-03,13.34,13.6,13.23,13.31,7808464
2016-11-04,13.29,13.38,13.01,13.03,9522861
2016-11-07,13.02,13.19,12.94,12.96,4863037
2016-11-08,13.03,13.15,12.82,12.9,6532680
2016-11-09,12.99,13.24,12.85,13.01,11142350
2016-11-10,13.18,13.18,12.86,12.95,8174644
2016-11-11,12.98,12.98,12.63,12.73,12123920
2016-11-14,12.69,12.95,12.65,12.72,7058309
2016-11-15,12.76,12.93,12.7,12.8,6730041
2016-11-16,12.81,13.08,12.81,12.97,7902153
2016-11-17,12.99,13.04,12.68,12.7,7479959
2016-11-18,12.74,12.89,12.63,12.77,6641821
2016-11-21,12.7,12.78,12.5,12.53,7522018
2016-11-22,12.58,12.62,12.38,12.55,8129681
2016-11-23,12.57,12.6,12.41,12.44,6091733
2016-11-24,12.4,12.52,12.37,12.49,3862100
2016-11-25,12.52,12.56,12.14,12.27,7811802
2016-11-28,12.3,12.32,12.18,12.19,5477974
2016-11-29,12.19,12.39,12.19,12.25,5531415
2016-11-30,12.22,12.52,12.16,12.39,6109377
2016-12-01,12.44,12.58,12.33,12.53,5362191
2016-12-02,12.53,12.7,12.3,12.33,7311071
2016-12-05,12.25,12.46,12.15,12.35,3133359
2016-12-06,12.38,12.44,12.24,12.25,3418908
2016-12-07,12.23,12.53,12.21,12.49,4204113
2016-12-08,12.51,12.53,12.34,12.4,3789632
2016-12-09,12.4,12.47,12.29,12.38,2895307
2016-12-12,12.35,12.4,11.23,11.39,7715684
2016-12-13,11.41,11.51,11.02,11.29,5507556
2016-12-14,11.27,11.39,11.0,11.12,5563087
2016-12-15,11.0,11.4,11.0,11.35,4803805
2016-12-16,11.3,11.44,11.26,11.36,2929160
2016-12-19,11.32,11.4,11.23,11.29,2362150
2016-12-20,11.24,11.34,11.1,11.15,3991463
2016-12-21,11.15,11.3,11.15,11.3,3462308
2016-12-22,11.3,12.17,11.25,11.91,9067312
2016-12-23,11.78,11.97,11.55,11.61,5442613
2016-12-26,11.61,11.84,11.41,11.78,2901055
2016-12-27,11.84,12.23,11.7,12.16,4955600
2016-12-28,12.02,12.15,11.89,11.91,2642230
2016-12-29,11.94,12.05,11.84,11.87,2457300
2016-12-30,12.0,12.1,11.85,11.98,2464186
2017-01-03,12.03,12.15,11.96,12.0,1470200
2017-01-04,12.09,12.3,11.95,12.18,4348395
2017-01-05,12.18,12.29,12.09,12.17,2438650
2017-01-06,12.1,12.21,11.7,11.87,5693243
2017-01-09,11.87,11.99,11.74,11.78,2507955
2017-01-10,11.75,12.05,11.72,12.01,3957289
2017-01-11,12.1,12.1,11.92,12.02,2794237
2017-01-12,11.99,12.14,11.86,11.97,3294082
2017-01-13,11.92,11.98,11.54,11.92,3209810
2017-01-16,11.92,11.92,11.09,11.78,3534929
2017-01-17,11.6,11.87,11.3,11.75,2507239
2017-01-18,11.74,11.75,11.45,11.51,1810500
2017-01-19,11.51,11.78,11.42,11.64,2316480
2017-01-20,11.75,11.81,11.62,11.71,1377737
2017-01-23,12.0,12.04,11.7,11.98,3124016
2017-01-24,11.94,11.98,11.81,11.89,1727319
2017-01-25,11.88,12.01,11.81,11.97,2099277
2017-01-26,11.97,12.06,11.93,12.03,909346
2017-02-03,12.1,12.15,11.87,12.0,1452891
2017-02-06,12.01,12.16,11.92,12.14,2047363
2017-02-07,12.29,12.44,12.1,12.17,4217652
2017-02-08,12.1,12.22,11.97,12.19,3442420
2017-02-09,12.18,12.19,12.03,12.04,4078363
2017-02-10,12.05,12.11,11.93,12.01,2747071
2017-02-13,12.01,12.09,11.87,12.0,2953783
2017-02-14,12.0,12.05,11.93,11.99,2187209
2017-02-15,12.0,12.08,11.91,11.94,2532057
2017-02-16,12.01,12.28,11.92,12.18,5129604
2017-02-17,12.26,12.47,12.1,12.11,4689336
2017-02-20,12.09,12.25,12.01,12.16,2337779
2017-02-21,12.25,12.27,12.08,12.23,2569210
2017-02-22,12.23,12.28,12.1,12.2,2383501
2017-02-23,12.28,12.66,12.21,12.54,8159746
2017-02-24,12.53,12.68,12.41,12.56,5353544
2017-02-27,12.62,12.92,12.53,12.67,6982459
2017-02-28,12.67,12.9,12.67,12.85,6719681
2017-03-01,12.87,12.92,12.69,12.69,4624360
2017-03-02,12.72,12.95,12.55,12.56,4873525
2017-03-03,12.55,12.87,12.46,12.78,4344950
2017-03-06,12.88,13.47,12.76,13.44,13750956
2017-03-07,13.46,13.61,13.28,13.41,6810150
2017-03-08,13.4,13.68,13.22,13.6,8231900
2017-03-09,13.55,13.55,13.16,13.3,6392541
2017-03-10,13.41,13.5,13.01,13.05,5290592
2017-03-13,13.1,13.38,13.04,13.2,5800219
2017-03-14,13.15,13.71,13.15,13.45,10442945
2017-03-15,13.42,14.0,13.42,13.85,11316745
2017-03-16,13.94,15.2,13.94,14.7,29346847
2017-03-17,14.94,15.25,14.5,14.61,17336218
2017-03-20,14.65,14.86,14.44,14.71,10705527
2017-03-21,14.74,15.12,14.74,14.95,10828191
2017-03-22,14.79,14.93,14.51,14.67,7681943
2017-03-23,14.68,14.99,14.3,14.54,11481729
2017-03-24,14.63,15.09,14.5,14.96,11659122
2017-03-27,15.49,15.5,14.5,14.5,10194857
2017-03-28,14.37,14.84,14.09,14.78,10465868
2017-03-29,14.8,14.94,14.5,14.51,6454158
2017-03-30,14.38,14.68,14.16,14.2,5670439
2017-03-31,14.2,14.45,14.11,14.25,3199808
2017-04-05,14.24,14.85,14.2,14.81,6675831
2017-04-06,14.74,14.82,14.5,14.69,5529181
2017-04-07,14.56,15.15,14.56,14.8,6764896
2017-04-10,14.74,14.92,14.09,14.38,7790305
2017-04-11,14.35,14.42,13.9,14.17,5546035
2017-04-12,14.25,14.25,13.69,13.72,4750062
2017-04-13,13.79,14.02,13.7,13.74,3447508
2017-04-14,13.71,13.83,13.49,13.6,2614163
2017-04-17,13.58,13.59,13.13,13.59,4886751
2017-04-18,13.54,13.68,13.3,13.3,2562231
2017-04-19,13.1,13.19,12.78,13.12,4590448
2017-04-20,13.12,13.29,12.75,13.25,4043096
2017-04-21,13.27,13.48,13.15,13.34,3209763
2017-04-24,13.25,13.34,12.68,12.91,4799336
2017-04-25,13.05,13.05,12.01,12.2,7009668
2017-04-26,12.23,12.5,12.15,12.2,3549038
2017-04-27,12.1,13.08,12.1,12.9,5516660
2017-04-28,12.72,13.17,12.72,13.01,2928149
2017-05-02,13.01,13.58,13.0,13.31,4546694
2017-05-03,13.26,13.42,13.01,13.11,4168902
2017-05-04,13.12,13.43,13.07,13.17,3614506
2017-05-05,13.16,13.24,13.0,13.05,2612968
2017-05-08,13.0,13.24,12.85,13.0,3468711
2017-05-09,12.9,13.2,12.55,13.18,3939201
2017-05-10,13.12,13.36,12.7,12.82,4726909
2017-05-11,12.83,12.93,12.15,12.8,3834334
2017-05-12,12.8,12.86,12.62,12.77,1717541
2017-05-15,12.78,12.88,12.6,12.61,1631759
2017-05-16,12.51,12.89,12.33,12.81,3523031
2017-05-17,12.81,13.31,12.81,12.99,4944874
2017-05-18,12.85,13.25,12.7,12.95,4066669
2017-05-19,13.0,13.27,12.85,13.22,3217280
2017-05-22,13.22,13.38,13.08,13.19,2932120
2017-05-23,13.19,13.19,12.4,12.44,4947955
2017-05-24,12.4,12.64,12.22,12.52,2512194
2017-05-25,12.5,12.69,12.34,12.65,2164137
2017-05-26,12.55,12.73,12.46,12.53,1744035
2017-05-31,12.73,12.77,12.23,12.43,4641292
2017-06-01,12.48,12.48,11.72,11.78,6343588
2017-06-02,11.73,12.04,11.35,11.8,3862392
2017-06-05,11.75,12.13,11.73,12.0,3479012
2017-06-06,12.0,12.22,11.99,12.12,3327470
2017-06-07,12.12,12.57,12.12,12.46,4799802
2017-06-08,12.4,12.43,12.15,12.3,3711509
2017-06-09,12.27,12.43,12.19,12.2,4078823
2017-06-12,12.11,12.28,12.01,12.09,2985744
2017-06-13,12.09,12.17,11.95,12.17,3412770
2017-06-14,12.06,12.22,12.06,12.17,1997260
2017-06-15,12.09,12.55,12.09,12.54,4431041
2017-06-16,12.54,12.73,12.39,12.65,2762516
2017-06-19,12.65,12.72,12.5,12.6,2193237
2017-06-20,12.87,12.98,12.57,12.62,4234908
2017-06-21,12.62,12.8,12.45,12.57,2791704
2017-06-22,12.68,12.95,12.41,12.41,3587151
2017-06-23,12.41,12.65,12.36,12.62,2772025
2017-06-26,12.62,12.81,12.3,12.59,5560227
2017-06-27,12.59,12.84,12.43,12.68,5081351
2017-06-28,12.6,12.67,12.34,12.39,2777452
2017-06-29,12.54,12.67,12.47,12.57,3613713
2017-06-30,12.62,12.62,12.4,12.49,4334582
2017-07-03,12.51,13.25,12.51,13.23,8772647
2017-07-04,13.5,13.9,13.41,13.67,12839645
2017-07-05,13.56,13.83,13.35,13.69,6853566
2017-07-06,13.64,14.07,13.59,13.83,8371593
2017-07-07,13.75,14.03,13.66,13.89,6668723
2017-07-10,13.98,13.98,13.48,13.7,7546889
2017-07-11,13.64,13.73,13.44,13.51,4267226
2017-07-12,13.43,13.85,13.35,13.85,5626345
2017-07-13,13.82,14.08,13.53,13.6,8035213
2017-07-14,13.61,13.64,13.2,13.3,6229417
2017-07-17,13.31,13.37,12.28,12.53,8336951
2017-07-18,12.53,12.63,12.01,12.35,6813208
2017-07-19,12.32,12.77,12.23,12.76,6194019
2017-07-20,12.76,13.15,12.61,12.95,5408769
2017-07-21,12.93,13.28,12.84,13.05,7816420
2017-07-24,13.13,13.36,12.8,12.87,8006085
2017-07-25,12.95,13.0,12.44,12.58,7494152
2017-07-26,12.53,12.85,12.53,12.8,5061745
2017-07-27,12.98,14.08,12.9,14.08,24364759
2017-07-28,14.2,14.46,13.96,14.16,24503538
2017-07-31,14.2,14.88,14.19,14.39,21211454
2017-08-01,14.45,15.35,14.45,14.96,25224298
2017-08-02,14.97,15.11,14.56,14.59,20006481
2017-08-03,14.55,15.12,14.4,14.7,19371310
2017-08-04,14.72,14.79,14.28,14.45,13971756
2017-08-07,14.41,14.65,14.18,14.48,10359182
2017-08-08,14.62,14.83,14.32,14.78,14487635
2017-08-09,14.8,14.8,14.09,14.2,13664346
2017-08-10,14.08,14.27,13.68,13.93,15581054
2017-08-11,13.65,14.04,13.61,13.85,8234732
2017-08-14,13.84,14.55,13.75,14.52,14337879
2017-08-15,14.53,14.59,14.27,14.42,7215157
2017-08-16,14.87,15.24,14.65,14.87,24377423
2017-08-17,14.75,15.14,14.59,14.89,17288546
2017-08-18,14.76,15.77,14.7,15.58,34979042
2017-08-21,15.4,15.66,15.24,15.55,19900682
2017-08-22,15.41,15.55,14.86,15.09,18228496
2017-08-23,15.02,15.2,14.8,15.0,12525622
2017-08-24,15.02,15.31,14.75,15.21,11588779
2017-08-25,15.08,15.25,14.87,15.15,8379154
2017-08-28,14.98,15.56,14.95,15.4,10927035
2017-08-29,15.26,15.27,14.41,14.66,22463880
2017-08-30,14.62,14.71,14.39,14.65,8678258
2017-08-31,14.74,14.74,14.55,14.71,5207174
2017-09-01,14.84,14.87,14.57,14.78,7619473
2017-09-04,14.83,14.84,14.28,14.51,15402290
2017-09-05,14.5,14.75,14.35,14.57,10196370
2017-09-06,14.51,14.98,14.46,14.87,12007106
2017-09-07,14.88,15.06,14.2,14.25,16625602
2017-09-08,14.11,14.56,14.02,14.26,8831357
2017-09-11,14.35,14.52,14.2,14.5,9062325
2017-09-12,14.51,15.95,14.49,15.26,37733671
2017-09-13,15.41,16.12,15.3,15.81,34474288
2017-09-14,15.93,16.35,15.68,15.9,30518858
2017-09-15,15.78,15.9,15.5,15.72,12206493
2017-09-18,15.65,16.1,15.56,15.91,14662640
2017-09-19,15.88,16.24,15.44,15.55,19007374
2017-09-20,15.43,16.02,15.29,16.02,18288371
2017-09-21,15.94,16.12,15.19,15.22,15326703
2017-09-22,15.19,15.46,15.09,15.35,10114502
2017-09-25,15.48,15.48,14.75,14.95,10783365
2017-09-26,14.84,15.08,14.68,15.03,6097267
2017-09-27,15.03,15.31,14.91,15.24,5843945
2017-09-28,15.24,15.35,15.09,15.28,8290230
2017-09-29,15.27,15.46,15.07,15.31,9449985
2017-10-09,15.46,15.92,15.23,15.52,11798959
2017-10-10,15.62,15.66,14.92,15.16,12712142
2017-10-11,15.1,15.25,15.03,15.07,7771217
2017-10-12,15.1,15.21,14.81,15.0,6387380
2017-10-13,15.69,16.22,15.46,15.88,34444751
2017-10-16,16.0,16.1,15.62,15.9,14294207
2017-10-17,15.92,16.07,15.52,16.0,13070952
2017-10-18,15.97,16.98,15.91,16.66,31533482
2017-10-19,16.54,17.09,16.25,16.8,23648516
2017-10-20,16.7,16.88,16.57,16.8,10888042
2017-10-23,16.91,17.35,16.56,16.6,15987350
2017-10-24,16.54,16.87,16.26,16.79,11070821
2017-10-25,16.63,17.17,16.45,17.09,14701702
2017-10-26,17.0,17.37,16.88,17.36,15407433
2017-10-27,17.34,17.92,17.13,17.36,18244428
2017-10-30,17.34,17.34,16.54,16.8,15148145
2017-10-31,16.84,16.88,16.31,16.7,14144099
2017-11-01,16.73,18.37,16.53,18.12,42166753
2017-11-02,17.85,18.37,17.76,18.18,22173056
2017-11-03,17.93,19.09,17.93,18.67,27021598
2017-11-06,18.71,19.47,18.64,18.86,26902888
2017-11-07,18.82,19.22,18.43,18.8,21142315
2017-11-08,18.97,20.53,18.82,20.01,32472856
2017-11-09,19.98,20.46,19.72,20.46,18483030
2017-11-10,20.36,21.84,20.2,20.8,25636470
2017-11-13,21.06,21.48,20.44,21.18,27835165
2017-11-14,21.18,21.95,19.75,20.07,31349215
2017-11-15,19.51,19.87,18.73,19.04,45278993
2017-11-16,19.19,19.51,18.75,19.22,29233177
2017-11-17,19.26,19.63,18.01,18.04,32352932
2017-11-20,18.14,19.84,17.98,19.84,37399739
2017-11-21,20.4,20.71,20.0,20.59,38563297
2017-11-22,20.33,21.12,19.77,20.25,33268601
2017-11-23,20.25,20.68,18.89,19.18,30851390
2017-11-24,18.91,19.65,18.51,18.6,22033622
2017-11-27,18.65,19.16,17.57,17.88,22117810
2017-11-28,18.04,18.9,18.04,18.8,16878979
2017-11-29,19.39,20.22,18.58,19.8,30952819
2017-11-30,19.55,19.97,18.84,19.26,21666109
2017-12-01,19.0,20.25,18.76,19.88,25493324
2017-12-04,19.69,20.2,19.4,19.51,20004777
2017-12-05,19.31,19.51,17.85,18.36,36023484
2017-12-06,18.18,18.95,18.0,18.95,15342828
2017-12-07,18.83,19.1,18.33,18.37,12276293
2017-12-08,18.1,19.15,18.1,18.65,15329482
2017-12-11,18.98,19.79,18.6,19.69,20435234
2017-12-12,19.82,20.83,19.59,19.75,31969654
2017-12-13,19.97,20.6,19.43,20.58,33584741
2017-12-14,20.4,20.79,20.12,20.7,28491260
2017-12-15,20.4,20.72,19.78,20.03,20691148
2017-12-18,19.82,20.52,19.6,20.18,16790870
2017-12-19,20.02,21.08,19.89,20.92,32793120
2017-12-20,21.0,21.39,20.15,20.43,27391539
2017-12-21,20.42,22.21,20.15,22.1,38323537
2017-12-22,21.85,22.15,21.71,21.98,23443793
2017-12-25,22.0,22.5,20.98,21.38,29743922
2017-12-26,21.21,22.46,20.66,22.46,27566450
2017-12-27,22.1,22.45,20.42,20.79,25640945
2017-12-28,20.43,21.31,20.43,20.7,16592669
2017-12-29,20.7,21.3,20.55,20.91,15175911
2018-01-02,21.2,21.93,21.02,21.39,18234977
2018-01-03,21.34,21.54,20.88,21.34,17286502
2018-01-04,21.31,21.9,21.0,21.34,18384841
2018-01-05,21.25,21.31,19.72,20.04,36824367
2018-01-08,19.88,20.13,19.31,19.98,19531996
2018-01-09,19.9,20.22,19.49,19.89,16114518
2018-01-10,19.67,19.94,18.5,18.87,32322099
2018-01-11,18.8,19.39,18.42,18.98,17790801
2018-01-12,19.39,19.4,18.66,18.98,14528774
2018-01-15,19.09,19.5,18.38,19.0,18344523
2018-01-16,19.0,19.28,18.53,18.8,15708937
2018-01-17,19.08,20.2,18.45,19.7,26853007
2018-01-18,19.59,20.1,19.38,19.76,16255804
2018-01-19,19.79,20.25,19.55,19.84,16981965
2018-01-22,19.9,20.87,19.55,20.55,27235747
2018-01-23,20.41,20.78,20.26,20.46,14054093
2018-01-24,20.38,21.18,19.9,20.97,25644231
2018-01-25,20.85,21.04,20.51,20.53,14960674
2018-01-26,20.4,21.13,20.21,20.31,15035657
2018-01-29,20.24,20.5,18.28,18.28,41389506
2018-01-30,18.08,18.29,17.58,17.88,23298860
2018-01-31,17.66,18.25,17.66,17.86,12896586
2018-02-01,17.8,18.16,16.81,17.26,17309408
2018-02-02,17.19,17.75,16.95,17.27,11977643
2018-02-05,17.0,17.75,16.91,17.42,9387262
2018-02-06,16.85,17.24,15.68,15.68,26038964
2018-02-07,16.04,16.14,14.11,14.78,38725391
2018-02-08,14.5,15.98,14.5,15.62,23650416
2018-02-09,15.27,16.25,15.0,15.63,28221254
2018-02-12,15.7,16.65,15.7,16.31,22975435
2018-02-13,16.5,16.75,16.14,16.3,14448413
2018-02-14,16.37,16.55,16.11,16.45,7536530
2018-02-22,16.79,17.17,16.3,16.94,11743960
2018-02-23,16.88,16.9,16.2,16.59,15575641
2018-02-26,16.88,17.86,16.7,17.49,22465799
2018-02-27,17.5,18.6,17.4,17.89,27904467
2018-02-28,17.6,18.47,17.45,17.85,14801042
2018-03-01,17.65,18.56,17.65,18.25,18825439
2018-03-02,18.18,19.32,18.05,19.0,25452036
2018-03-05,18.76,19.21,18.56,19.15,15104901
2018-03-06,20.0,20.64,19.61,19.82,30167212
2018-03-07,19.98,20.45,19.77,19.99,17138961
2018-03-08,19.78,20.18,19.66,19.79,12516970
2018-03-09,19.75,20.76,19.71,20.69,21628494
2018-03-12,20.83,21.66,20.7,21.4,24334535
2018-03-13,21.3,22.13,21.1,21.36,23788485
2018-03-14,21.3,21.65,20.6,20.64,18991997
2018-03-15,21.28,22.5,21.05,21.81,33901916
2018-03-16,21.87,22.1,21.5,21.69,18025422
2018-03-19,21.55,22.45,21.15,21.15,20496474
2018-03-20,21.1,21.85,21.0,21.46,15508820
2018-03-21,21.76,21.92,20.51,20.51,17692016
2018-03-22,20.87,21.2,20.56,20.84,17487400
2018-03-23,20.09,21.21,19.5,20.03,23121625
2018-03-26,19.9,21.67,19.9,21.52,32241578
2018-03-27,21.65,22.97,21.35,22.8,41675462
2018-03-28,22.42,23.04,22.42,22.63,21380663
2018-03-29,22.7,22.94,21.98,22.51,16636848
2018-03-30,22.55,24.06,22.5,23.86,25486226
2018-04-02,24.16,24.76,23.35,23.85,26385156
2018-04-03,23.3,23.55,22.44,23.28,25356673
2018-04-04,23.62,23.88,22.6,22.92,19101975
2018-04-09,22.81,23.49,22.18,22.66,15346190
2018-04-10,22.8,23.0,21.98,22.59,18768108
2018-04-11,22.8,23.3,22.33,22.55,15855793
2018-04-12,22.55,23.25,22.5,22.76,13390246
2018-04-13,23.06,23.2,22.38,22.85,12120818
2018-04-16,22.69,23.63,22.6,23.62,20545844
2018-04-17,23.75,24.8,22.4,22.73,31750528
2018-04-18,22.73,24.81,22.47,24.61,33595967
2018-04-19,24.45,25.25,23.79,23.81,39948741
2018-04-20,23.88,24.44,23.28,23.51,20934426
2018-04-23,23.62,24.0,21.16,21.56,31826544
2018-04-24,21.88,23.38,21.65,23.32,25346086
2018-04-25,23.2,24.56,23.06,23.87,21765160
2018-04-26,24.15,24.48,23.55,24.1,23007826
2018-04-27,24.37,24.5,22.95,23.84,18189468
2018-05-02,23.66,24.5,23.58,23.69,13996435
2018-05-03,23.99,25.96,23.08,25.8,30396408
2018-05-04,25.59,25.98,25.12,25.14,22628811
2018-05-07,25.25,26.2,24.91,26.06,21429806
2018-05-08,26.02,26.18,25.37,25.97,13671727
2018-05-09,26.0,26.79,25.75,25.84,17090731
2018-05-10,25.6,25.82,24.85,25.3,16308080
2018-05-11,25.48,25.65,24.88,25.02,11016388
2018-05-14,24.7,25.35,24.5,24.93,10978665
2018-05-15,24.99,25.2,24.03,25.03,15374263
2018-05-16,24.84,25.09,24.52,24.56,8775087
2018-05-17,24.49,24.91,24.29,24.43,9349687
2018-05-18,24.5,24.7,23.4,23.7,17560416
2018-05-21,23.87,25.54,23.87,25.36,21104956
2018-05-22,25.38,25.49,24.65,25.03,14392017
2018-05-23,18.91,19.37,18.89,18.93,14987056
2018-05-24,19.0,19.09,17.46,17.97,36186185
2018-05-25,17.61,17.9,16.3,16.99,37281111
2018-05-28,16.8,16.9,16.09,16.23,33892809
2018-05-29,16.38,17.07,16.1,16.16,35646882
2018-05-30,15.6,16.65,15.56,16.15,21356398
2018-05-31,16.34,16.45,15.35,15.77,24332161
2018-06-01,15.73,15.94,14.88,15.13,25146383
2018-06-04,14.0,14.0,13.62,13.62,17282900
2018-06-05,12.6,13.4,12.26,13.3,77530175
2018-06-06,13.05,13.21,12.54,12.85,47254398
2018-06-07,13.05,13.27,12.74,12.88,26953776
2018-06-08,12.63,12.95,12.36,12.67,23366713
2018-06-11,12.74,12.78,12.0,12.1,28590361
2018-06-12,12.4,13.07,12.17,12.94,44951432
2018-06-13,12.95,13.4,12.73,12.86,36751268
2018-06-14,12.89,13.04,12.58,12.72,22912903
2018-06-15,12.8,13.23,12.72,12.89,25236570
2018-06-19,12.69,13.0,11.6,12.03,37097369
2018-06-20,12.06,12.85,12.06,12.8,29333539
2018-06-21,12.8,12.95,12.01,12.25,29649688
2018-06-22,12.2,12.65,12.03,12.32,23761315
2018-06-25,12.51,12.56,11.79,11.83,30394954
2018-06-26,11.53,12.44,11.38,12.33,31728926
2018-06-27,12.61,12.92,12.42,12.64,31414370
2018-06-28,12.77,13.14,12.63,12.8,27181967
2018-06-29,12.88,13.39,12.46,13.29,37123174
2018-07-02,13.3,13.51,12.63,12.9,30582880
2018-07-03,12.93,13.68,12.8,13.52,38715610
2018-07-04,13.33,13.45,13.06,13.19,26601397
2018-07-05,13.18,13.18,12.34,12.37,26677382
2018-07-06,12.5,13.07,12.21,12.61,31780665
2018-07-09,12.77,13.05,12.76,12.91,21544872
2018-07-10,13.15,13.27,12.8,13.09,24342411
2018-07-11,12.7,12.95,12.48,12.79,24728505
2018-07-12,13.2,14.07,13.14,14.07,50447774
2018-07-13,14.29,14.45,14.02,14.25,47405941
2018-07-16,14.44,15.07,14.38,14.66,43011627
2018-07-17,14.52,14.95,14.26,14.92,29738059
2018-07-18,14.84,15.08,14.43,14.53,24498837
2018-07-19,14.43,14.65,14.02,14.26,25924548
2018-07-20,14.3,14.73,14.13,14.72,27834862
2018-07-23,14.75,15.26,14.67,15.04,31773166
2018-07-24,15.14,15.18,14.66,14.88,29204849
2018-07-25,14.92,15.3,14.81,15.27,29165486
2018-07-26,15.16,15.21,14.41,14.64,24562214
2018-07-27,14.51,14.64,14.32,14.35,16953196
2018-07-30,14.2,14.37,13.62,13.82,22468639
2018-07-31,13.89,14.05,13.56,13.81,16950212
2018-08-01,13.76,14.44,13.76,13.9,24526759
2018-08-02,13.78,13.86,13.27,13.68,20218703
2018-08-03,13.6,13.75,13.0,13.0,19635287
2018-08-06,12.76,13.14,12.1,12.51,17768486
2018-08-07,12.65,13.1,12.4,13.07,16845260
2018-08-08,12.97,13.04,12.41,12.54,15914937
2018-08-09,12.48,13.31,12.45,13.14,23703018
2018-08-10,13.08,13.33,13.01,13.26,19756963
2018-08-13,13.03,13.72,12.93,13.7,19400521
2018-08-14,13.61,13.64,13.23,13.36,15656093
2018-08-15,13.27,13.45,12.64,12.7,21171960
2018-08-16,12.4,12.94,12.26,12.62,13202187
2018-08-17,12.86,12.93,12.21,12.29,13418961
2018-08-20,12.29,12.61,12.12,12.56,11666754
2018-08-21,12.54,12.78,12.39,12.57,15796722
2018-08-22,12.75,13.08,12.64,12.71,19162641
2018-08-23,12.75,13.0,12.61,12.91,15073353
2018-08-24,12.9,12.99,12.63,12.72,10435266
2018-08-27,12.86,13.24,12.73,13.15,19586046
2018-08-28,13.28,13.44,13.06,13.14,18212023
2018-08-29,13.04,13.09,12.74,12.84,14795671
2018-08-30,12.85,12.9,12.4,12.43,14604416
2018-08-31,12.34,12.62,12.28,12.35,9311313
2018-09-03,12.54,12.69,12.34,12.55,12168707
2018-09-04,12.47,12.88,12.42,12.78,14967906
2018-09-05,12.74,13.45,12.7,13.16,37759960
2018-09-06,13.1,13.42,12.91,13.23,21080312
2018-09-07,13.2,13.74,12.87,13.5,32005300
2018-09-10,13.45,13.46,13.04,13.09,18945759
2018-09-11,13.17,13.35,12.94,13.28,13931441
2018-09-12,13.29,13.4,13.06,13.12,11608499
2018-09-13,13.4,13.5,12.91,13.3,15949464
2018-09-14,13.29,13.3,11.97,11.97,31972042
2018-09-17,11.6,11.6,10.8,11.2,27623044
2018-09-18,11.13,11.51,11.12,11.43,15739506
2018-09-19,11.36,11.82,11.21,11.54,18435916
2018-09-20,11.5,11.73,11.27,11.35,12376183
2018-09-21,11.4,11.65,11.3,11.58,12278048
2018-09-25,11.36,11.74,11.36,11.57,9164567
2018-09-26,11.64,11.75,11.45,11.63,12302722
2018-09-27,11.64,11.65,11.09,11.17,17905435
2018-09-28,11.3,11.36,11.13,11.24,11400062
2018-10-08,10.98,10.98,10.12,10.12,24246361
2018-10-09,10.12,10.3,9.86,10.05,13835117
2018-10-10,10.1,10.16,9.8,9.99,15349090
2018-10-11,9.36,9.6,8.99,8.99,20416558
2018-10-12,8.85,9.31,8.63,9.18,20378049
2018-10-15,9.31,9.54,9.12,9.16,13022341
2018-10-16,9.26,9.36,8.73,8.87,15914957
2018-10-17,9.07,9.39,9.01,9.33,20888389
2018-10-18,9.3,9.33,8.97,9.0,15387435
2018-10-19,8.73,9.39,8.7,9.31,18051430
2018-10-22,9.49,10.1,9.41,9.86,25268987
2018-10-23,9.77,9.95,9.52,9.57,15350249
2018-10-24,9.54,9.73,9.46,9.53,10239070
2018-10-25,9.13,9.21,8.61,9.03,22675361
2018-10-26,9.15,9.3,9.04,9.19,13476472
2018-10-29,9.28,9.41,9.15,9.23,12236712
2018-10-30,9.12,9.16,8.71,9.0,20353924
2018-10-31,9.1,9.33,9.01,9.21,17025405
2018-11-01,9.38,9.73,9.28,9.39,26816858
2018-11-02,9.74,10.33,9.64,10.33,46943873
2018-11-05,10.99,11.36,10.55,10.8,61703359
2018-11-06,10.81,10.81,10.33,10.76,23969813
2018-11-07,10.65,11.17,10.65,10.7,25388818
2018-11-08,10.8,10.86,10.36,10.41,18654825
2018-11-09,10.42,10.59,10.33,10.39,12578928
2018-11-12,10.37,11.01,10.36,10.99,21027867
2018-11-13,10.8,11.19,10.73,11.16,24432207
2018-11-14,11.13,11.22,10.92,11.09,14726627
2018-11-15,10.86,11.23,10.85,11.2,15858691
2018-11-16,11.4,11.84,11.34,11.51,25325644
2018-11-19,11.4,11.46,11.18,11.34,16517778
2018-11-20,11.18,11.23,10.7,10.74,18663641
2018-11-21,10.55,10.92,10.47,10.87,12065934
2018-11-22,10.86,10.95,10.67,10.73,9295056
2018-11-23,10.75,10.78,10.09,10.1,17690155
2018-11-26,10.08,10.19,9.8,9.88,15250753
2018-11-27,10.03,10.08,9.85,9.9,9366359
2018-11-28,9.91,10.63,9.74,10.45,23350470
2018-11-29,10.45,10.56,10.07,10.08,14254920
2018-11-30,10.1,10.3,9.89,10.21,11552607
2018-12-03,10.66,10.79,10.51,10.68,22748859
2018-12-04,10.6,10.72,10.51,10.7,13153713
2018-12-05,10.46,11.26,10.38,10.98,26486103
2018-12-06,10.85,11.36,10.78,10.97,29354088
2018-12-07,11.12,11.17,10.8,10.9,14608855
2018-12-10,10.87,11.09,10.73,10.82,12602395
2018-12-11,10.91,11.14,10.85,11.1,13497340
2018-12-12,11.15,11.17,10.85,10.98,10055852
2018-12-13,11.06,11.12,10.79,10.98,13382240
2018-12-14,10.96,11.02,10.46,10.47,13980308
2018-12-17,10.47,10.74,10.25,10.66,12810353
2018-12-18,10.6,10.81,10.41,10.6,10358840
2018-12-19,10.65,10.66,10.31,10.36,8480770
2018-12-20,10.33,10.69,10.33,10.6,10919237
2018-12-21,10.57,10.66,10.01,10.14,15413334
2018-12-24,10.18,10.75,10.15,10.71,17198194
2018-12-25,10.68,10.85,10.36,10.83,16387419
2018-12-26,10.81,10.81,10.43,10.43,11641189
2018-12-27,10.62,10.66,10.15,10.18,12554814
2018-12-28,10.2,10.31,9.85,10.02,16823177
2019-01-02,10.03,10.04,9.75,9.8,9497660
2019-01-03,9.8,9.82,9.52,9.54,10430806
2019-01-04,9.31,9.93,9.2,9.86,17080779
2019-01-07,9.98,10.29,9.85,10.2,14257839
2019-01-08,10.1,10.26,10.06,10.12,9229150
2019-01-09,10.18,10.46,10.09,10.24,13955527
2019-01-10,10.27,10.65,10.23,10.34,17290440
2019-01-11,10.34,10.41,10.08,10.24,11977398
2019-01-14,10.2,10.23,10.06,10.09,8295363
2019-01-15,10.06,10.36,9.93,10.36,14161766
2019-01-16,10.32,10.44,10.12,10.15,11325926
2019-01-17,10.13,10.17,9.92,9.92,10392874
2019-01-18,9.99,10.25,9.88,10.19,11839527
2019-01-21,10.29,10.44,10.12,10.25,15269433
2019-01-22,10.25,10.25,9.24,9.38,39252757
2019-01-23,9.32,9.45,9.03,9.23,18310073
2019-01-24,9.25,9.72,9.22,9.57,22626495
2019-01-25,9.57,9.75,9.4,9.46,14937025
2019-01-28,9.55,9.8,9.47,9.57,13541908
2019-01-29,9.57,9.65,9.1,9.53,15519608
2019-01-30,9.43,10.48,9.43,10.48,58227203
2019-01-31,10.34,10.66,10.19,10.34,41559787
2019-02-01,10.57,11.37,10.38,11.23,50857540
2019-02-11,11.29,11.98,11.29,11.65,38665677
2019-02-12,11.66,11.84,11.52,11.67,22648409
2019-02-13,11.68,11.85,11.55,11.84,25863960
2019-02-14,11.72,12.88,11.61,12.35,36120670
2019-02-15,12.25,12.25,11.91,12.1,22170778
2019-02-18,12.15,12.65,12.1,12.61,22495590
2019-02-19,12.64,12.98,11.92,12.13,32358411
2019-02-20,12.05,12.38,11.96,12.25,23322681
2019-02-21,12.15,12.85,12.0,12.1,39207903
2019-02-22,12.1,13.31,12.1,13.18,46371622
2019-02-25,13.4,14.5,13.29,14.22,58917820
2019-02-26,14.22,14.86,13.8,13.85,41582001
2019-02-27,13.88,13.99,13.06,13.28,35897518
2019-02-28,13.3,13.67,13.11,13.42,21666432
2019-03-01,13.47,14.35,13.3,14.15,22614206
2019-03-04,14.35,15.26,14.1,14.51,42816420
2019-03-05,14.35,15.9,14.26,15.68,39901251
2019-03-06,15.68,16.16,15.13,15.57,25520346
2019-03-07,15.3,15.45,14.61,15.11,46401641
2019-03-08,14.55,15.85,14.3,14.85,44416692
2019-03-11,15.16,15.78,15.03,15.57,32803503
2019-03-12,15.72,16.03,15.21,15.48,32516908
2019-03-13,15.55,15.55,14.78,14.91,24503553
2019-03-14,14.97,15.2,14.18,14.51,23552372
2019-03-15,14.6,15.1,14.53,14.77,20080602
2019-03-18,14.88,14.97,14.47,14.82,24165306
2019-03-19,14.83,16.3,14.8,16.3,62492899
2019-03-20,16.31,16.34,15.27,15.63,49816900
2019-03-21,15.69,16.29,15.4,15.82,29590864
2019-03-22,15.8,16.0,15.25,15.46,21727300
2019-03-25,15.06,15.45,14.97,15.04,17935384
2019-03-26,14.92,15.18,13.79,14.03,37949344
2019-03-27,14.22,14.3,13.58,13.97,21398134
2019-03-28,13.97,14.48,13.71,13.84,22408435
2019-03-29,13.99,14.44,13.83,14.34,20835813
2019-04-01,14.72,15.08,14.45,14.98,27184886
2019-04-02,15.12,15.37,14.72,14.85,22280879
2019-04-03,14.75,14.93,14.49,14.73,21196822
2019-04-04,14.83,15.15,14.62,14.67,20637908
2019-04-08,14.8,14.8,13.66,13.89,36021411
2019-04-09,13.74,14.19,13.59,13.79,21143298
2019-04-10,13.65,14.03,13.51,13.86,27948208
2019-04-11,13.98,13.98,13.26,13.6,26177127
2019-04-12,13.64,13.79,13.44,13.77,16886171
2019-04-15,13.92,14.03,13.4,13.4,23238328
2019-04-16,13.3,13.82,13.18,13.72,20425301
2019-04-17,13.75,13.95,13.56,13.9,25421325
2019-04-18,13.88,14.34,13.62,14.07,32252246
2019-04-19,14.1,14.1,13.72,14.0,15354449
2019-04-22,14.08,14.3,13.62,13.68,17419590
2019-04-23,13.68,13.68,13.18,13.27,15310918
2019-04-24,13.3,13.5,13.0,13.47,17019367
2019-04-25,13.35,13.45,12.74,12.75,15413288
2019-04-26,12.64,13.1,12.61,12.84,17642645
2019-04-29,12.8,13.16,12.68,12.86,15283681
2019-04-30,12.84,13.09,12.63,12.8,11759517
2019-05-06,12.33,12.33,11.52,11.52,18667556
2019-05-07,11.51,11.65,10.9,11.29,24091382
2019-05-08,10.92,11.64,10.81,11.41,19465343
2019-05-09,11.44,12.34,11.44,12.0,28057943
2019-05-10,12.12,12.61,11.63,12.43,26868637
2019-05-13,12.2,12.29,11.78,11.88,15452880
2019-05-14,11.73,12.09,11.73,11.8,11093083
2019-05-15,11.95,12.28,11.81,12.22,15665134
2019-05-16,12.15,12.22,11.94,12.06,10647073
2019-05-17,12.15,12.55,11.77,11.85,15707375
2019-05-20,11.86,12.23,11.71,12.0,15617787
2019-05-21,12.01,12.16,11.63,12.01,17009415
2019-05-22,12.04,12.28,11.88,12.04,13340404
2019-05-23,12.38,12.49,12.04,12.1,22517049
2019-05-24,11.81,11.91,11.33,11.44,17756532
2019-05-27,11.49,12.38,11.39,12.23,25412022
2019-05-28,12.34,12.38,12.07,12.14,13804271
2019-05-29,12.12,12.31,11.92,12.03,14773061
2019-05-30,12.04,12.06,11.52,11.73,15481379
2019-05-31,11.84,12.78,11.8,12.56,39129576
2019-06-03,12.79,12.88,12.32,12.44,21901861
2019-06-04,12.44,12.62,12.1,12.22,16488502
2019-06-05,12.36,12.64,12.25,12.5,22650552
2019-06-06,12.43,12.46,11.78,11.85,18683730
2019-06-10,11.92,12.19,11.86,12.05,10623526
2019-06-11,12.08,12.62,11.8,12.49,17456769
2019-06-12,12.41,12.65,12.34,12.65,16648976
2019-06-13,12.68,12.68,12.33,12.44,14476140
2019-06-14,12.35,12.49,12.03,12.03,12926550
2019-06-17,11.97,12.13,11.75,11.87,8643786
2019-06-18,12.06,12.29,11.9,12.0,9015900
2019-06-19,12.4,12.55,12.19,12.23,15898427
2019-06-20,12.28,12.66,12.19,12.49,16782967
2019-06-21,12.78,13.33,12.73,13.12,26746300
2019-06-24,13.1,13.18,12.94,12.98,12979190
2019-06-25,13.03,13.1,12.7,13.01,13538268
2019-06-26,12.92,13.06,12.78,12.81,8508860
2019-06-27,12.84,13.12,12.8,12.87,13903285
2019-06-28,12.85,12.9,12.54,12.69,9455009
2019-07-01,12.98,13.22,12.91,13.14,16246714
2019-07-02,13.13,13.26,12.71,12.78,17752613
2019-07-03,12.78,12.78,12.52,12.56,9673588
2019-07-04,12.65,12.69,12.33,12.45,10781262
2019-07-05,12.45,12.53,12.35,12.49,6112072
2019-07-08,12.36,12.36,11.8,11.85,14467813
2019-07-09,11.83,11.92,11.71,11.87,5796220
2019-07-10,11.91,11.96,11.68,11.7,7738055
2019-07-11,11.94,12.19,11.79,11.82,14789611
2019-07-12,11.92,12.15,11.83,12.07,8508041
2019-07-15,11.86,12.45,11.77,12.28,13820840
2019-07-16,12.28,12.35,12.06,12.14,6708219
2019-07-17,12.14,12.33,12.09,12.16,6324863
2019-07-18,12.07,12.13,11.86,11.87,6681681
2019-07-19,11.97,12.07,11.82,11.91,6827358
2019-07-22,11.9,11.99,11.51,11.63,8728160
2019-07-23,11.69,11.78,11.42,11.62,10627989
2019-07-24,11.64,11.95,11.64,11.83,16982021
2019-07-25,11.88,12.14,11.78,12.08,12233748
2019-07-26,12.01,12.6,11.98,12.49,20325428
2019-07-29,12.47,12.9,12.39,12.82,16933746
2019-07-30,12.8,13.35,12.8,13.12,29290190
2019-07-31,13.06,13.39,13.06,13.12,16719752
2019-08-01,13.2,13.44,13.07,13.2,15536194
2019-08-02,12.95,13.39,12.85,13.3,20382590
2019-08-05,13.33,13.77,13.05,13.09,26271451
2019-08-06,12.8,13.14,12.67,12.97,22617161
2019-08-07,13.19,13.2,12.56,12.66,16689424
2019-08-08,12.83,12.93,12.5,12.68,12632518
2019-08-09,12.81,13.16,12.49,12.56,13855167
2019-08-12,12.65,13.25,12.58,13.21,17922456
2019-08-13,13.0,13.29,12.78,13.19,19061244
2019-08-14,13.36,13.41,12.94,13.07,21487548
2019-08-15,12.74,13.69,12.7,13.65,24880640
2019-08-16,13.6,13.89,13.47,13.55,21810903
2019-08-19,13.83,14.68,13.6,14.42,33270239
2019-08-20,14.37,14.56,14.21,14.44,17830725
2019-08-21,14.41,15.15,14.31,14.76,27949027
2019-08-22,14.81,14.9,14.4,14.62,16847690
2019-08-23,14.61,14.7,14.22,14.3,16132820
2019-08-26,13.99,14.45,13.91,14.08,15737366
2019-08-27,14.08,14.4,13.92,14.08,21550989
2019-08-28,14.02,14.16,13.81,13.95,15220860
2019-08-29,13.95,14.04,13.71,13.77,13044907
2019-08-30,13.89,14.16,13.38,13.55,22066827
2019-09-02,13.44,14.13,13.44,13.96,15435191
2019-09-03,14.04,14.09,13.75,14.01,15886226
2019-09-04,13.92,14.43,13.92,14.24,20457370
2019-09-05,14.32,14.52,14.18,14.26,19469657
2019-09-06,14.34,14.6,14.07,14.26,15344266
2019-09-09,14.42,14.66,14.1,14.65,22946312
2019-09-10,14.66,14.74,14.2,14.23,21620280
2019-09-11,14.31,14.35,13.71,13.9,22968451
2019-09-12,13.96,14.25,13.88,14.02,17052258
2019-09-16,14.12,14.14,13.76,13.9,16513217
2019-09-17,13.85,13.88,13.3,13.4,16194087
2019-09-18,13.46,13.65,13.28,13.5,15076129
2019-09-19,13.49,13.78,13.35,13.74,14355750
2019-09-20,13.71,14.1,13.68,14.0,18146374
2019-09-23,14.02,14.5,13.81,14.49,34620417
2019-09-24,14.49,14.67,14.29,14.5,27145922
2019-09-25,14.56,15.07,14.42,14.82,44136052
2019-09-26,14.85,14.96,14.0,14.18,33702757
2019-09-27,14.44,15.48,14.29,15.28,44652618
2019-09-30,15.2,15.32,14.66,14.89,31282343
2019-10-08,14.52,14.87,14.4,14.73,26638617
2019-10-09,14.63,15.4,14.54,15.35,25960010
2019-10-10,15.26,15.81,15.23,15.63,28985700
2019-10-11,15.52,15.62,15.08,15.11,21272772
2019-10-14,15.18,15.57,15.13,15.49,20545767
2019-10-15,15.41,16.08,15.1,15.1,27175679
2019-10-16,15.35,15.85,15.16,15.17,25443550
2019-10-17,15.0,15.33,14.68,14.75,20897232
2019-10-18,14.88,14.88,14.11,14.13,19131715
2019-10-21,14.19,14.38,13.95,14.29,12458704
2019-10-22,14.47,14.49,14.17,14.42,10580307
2019-10-23,14.43,14.45,14.15,14.18,9214756
2019-10-24,14.1,14.33,13.96,14.3,8128919
2019-10-25,14.24,14.24,13.65,14.09,17787316
2019-10-28,14.05,14.54,14.0,14.33,20226763
2019-10-29,14.35,14.85,14.35,14.54,20113058
2019-10-30,14.54,15.0,14.36,14.91,17348083
2019-10-31,14.9,15.03,14.55,14.7,12176541
2019-11-01,14.94,15.07,14.68,14.94,17492076
2019-11-04,14.97,15.09,14.8,14.82,14666239
2019-11-05,14.88,15.27,14.43,15.27,29507885
2019-11-06,15.23,15.27,14.85,15.1,19095913
2019-11-07,15.0,15.48,14.95,15.23,18851735
2019-11-08,15.26,15.42,15.08,15.09,12246626
2019-11-11,15.07,15.44,14.8,14.9,12958551
2019-11-12,14.8,14.97,14.55,14.81,10923076
2019-11-13,14.9,15.01,14.65,15.0,11130192
2019-11-14,14.94,15.25,14.71,15.19,12540035
2019-11-15,15.12,15.25,14.7,14.71,9676348
2019-11-18,14.67,14.8,14.49,14.56,10365380
2019-11-19,14.61,14.82,14.4,14.69,13295782
2019-11-20,14.7,14.92,14.41,14.42,12603528
2019-11-21,14.29,14.29,13.83,13.98,20581078
2019-11-22,14.05,14.16,13.5,13.65,18762708
2019-11-25,13.66,13.73,13.29,13.38,13902240
2019-11-26,13.4,13.53,13.27,13.27,9927171
2019-11-27,13.27,13.64,13.2,13.55,16981272
2019-11-28,13.51,13.68,13.36,13.67,12576666
2019-11-29,13.67,13.67,13.3,13.54,8331744
2019-12-02,13.51,13.85,13.48,13.65,10414887
2019-12-03,13.5,13.89,13.49,13.84,12451938
2019-12-04,13.83,14.06,13.7,13.96,11604003
2019-12-05,14.06,14.15,13.82,14.05,14702218
2019-12-06,13.98,14.18,13.92,14.07,11277769
2019-12-09,14.14,14.6,14.08,14.35,22547962
2019-12-10,14.17,14.5,14.05,14.37,17745861
2019-12-11,14.4,14.86,14.23,14.25,20852590
2019-12-12,14.27,14.72,14.24,14.53,20905644
2019-12-13,14.59,14.69,14.25,14.53,23340836
2019-12-16,14.54,14.96,14.34,14.88,23867066
2019-12-17,14.87,15.08,14.7,14.95,22336244
2019-12-18,15.04,15.26,14.8,14.9,19691524
2019-12-19,15.0,15.4,14.9,15.21,24236561
2019-12-20,15.19,15.28,14.66,14.67,24413031
2019-12-23,14.45,14.88,14.35,14.41,19157337
2019-12-24,14.53,15.24,14.42,15.08,26438714
2019-12-25,15.12,16.59,15.11,16.59,80348103
2019-12-26,16.33,16.63,16.11,16.62,53486242
2019-12-27,16.55,16.55,15.65,15.74,53072748
2019-12-30,15.66,15.73,15.28,15.59,33803667
2019-12-31,15.55,15.9,15.46,15.72,29823701
2020-01-02,15.85,16.42,15.54,16.27,40585021
2020-01-03,16.16,16.4,15.91,16.2,22413247
2020-01-06,16.13,16.98,16.11,16.52,32169860
2020-01-07,16.68,17.62,16.55,17.16,36858514
2020-01-08,16.88,17.45,16.71,16.75,31994386
2020-01-09,17.09,17.16,16.76,16.97,21525258
2020-01-10,16.95,17.0,16.36,16.67,31278294
2020-01-13,16.66,17.58,16.61,17.5,36039957
2020-01-14,17.52,17.52,17.06,17.07,20260031
2020-01-15,17.05,17.57,16.86,17.45,25364429
2020-01-16,17.44,17.95,17.34,17.63,27381370
2020-01-17,18.1,19.37,18.1,18.88,49634526
2020-01-20,18.71,20.41,18.71,20.1,51901900
2020-01-21,19.89,20.44,19.72,19.79,38212055
2020-01-22,19.5,21.68,19.4,21.25,45417234
2020-01-23,20.68,21.44,19.22,19.55,47976380
2020-02-03,17.6,17.96,17.6,17.6,40834679
2020-02-04,17.8,19.36,17.8,19.35,46652852
2020-02-05,19.35,20.49,19.12,19.5,38613761
2020-02-06,19.15,20.45,18.91,20.23,36365275
2020-02-07,20.03,20.97,19.69,20.83,37456018
2020-02-10,20.4,21.12,20.05,20.62,30825959
2020-02-11,20.61,20.75,19.91,20.32,25218873
2020-02-12,21.49,22.35,20.85,22.15,64400065
2020-02-13,22.3,22.69,21.5,21.62,44591075
2020-02-14,21.4,22.48,21.14,21.46,34609936
2020-02-17,21.63,22.13,21.31,22.01,29805581
2020-02-18,22.03,23.98,22.03,23.64,40460359
2020-02-19,23.43,25.98,23.01,25.11,51787359
2020-02-20,25.53,27.62,24.4,27.62,52010340
2020-02-21,27.68,29.77,27.68,28.4,54270082
2020-02-24,27.65,29.3,27.3,28.71,53967733
2020-02-25,27.8,30.49,27.11,28.59,78219167
2020-02-26,27.5,28.28,25.73,25.73,56649920
2020-02-27,25.9,25.9,24.2,24.85,53169217
2020-02-28,23.0,24.81,23.0,23.6,53408766
2020-03-02,24.67,24.85,23.52,24.2,38414453
2020-03-03,24.61,25.49,23.77,24.01,42404772
2020-03-04,23.4,24.0,22.69,23.44,34217995
2020-03-05,23.85,24.2,23.06,23.82,31855113
2020-03-06,23.33,23.97,23.16,23.38,17785147
2020-03-09,22.81,23.3,21.47,21.52,34627647
2020-03-10,21.74,23.13,21.57,23.03,37618532
2020-03-11,23.15,23.5,21.87,21.99,35055075
2020-03-12,21.4,22.29,21.05,21.63,26771240
2020-03-13,20.72,23.79,20.64,23.4,58316946
2020-03-16,23.6,24.5,22.31,22.62,58596617
2020-03-17,23.7,24.19,22.5,24.02,52360035
2020-03-18,24.5,25.4,23.5,23.69,58409908
2020-03-19,23.41,25.25,23.01,25.07,48908807
2020-03-20,25.14,25.65,24.22,24.6,46910177
2020-03-23,23.56,24.5,22.14,22.15,39749479
2020-03-24,22.81,22.95,20.12,21.07,49106964
2020-03-25,21.79,22.68,21.55,22.25,38728367
2020-03-26,21.96,22.27,21.17,21.36,26533685
2020-03-27,21.77,21.83,20.37,20.6,28406019
2020-03-30,20.55,20.58,19.08,19.51,34119807
2020-03-31,19.85,20.05,19.06,19.11,21734983
2020-04-01,19.14,19.95,19.02,19.3,26491541
2020-04-02,19.28,20.56,19.27,20.5,32483200
2020-04-03,20.39,20.62,19.77,20.0,24006544
2020-04-07,20.68,20.95,20.3,20.4,21744161
2020-04-08,20.25,20.75,20.08,20.35,20147198
2020-04-09,20.64,20.7,20.2,20.38,15731731
2020-04-10,20.38,20.44,19.33,19.98,18877477
2020-04-13,19.56,19.78,18.99,19.4,20223987
2020-04-14,19.61,20.21,19.58,20.1,17088137
2020-04-15,20.11,20.85,20.09,20.25,26568336
2020-04-16,20.0,20.74,19.73,20.48,18098023
2020-04-17,20.89,21.75,20.89,21.08,27842154
2020-04-20,20.92,21.21,20.6,21.13,18196959
2020-04-21,20.85,21.38,20.66,21.34,18220677
2020-04-22,20.83,21.34,20.75,21.15,13468227
2020-04-23,21.14,21.14,20.2,20.3,22611500
2020-04-24,20.14,20.8,19.87,20.04,16804978
2020-04-27,20.02,20.63,20.02,20.33,13007276
2020-04-28,20.54,21.86,19.92,21.46,30043940
2020-04-29,21.41,22.1,21.28,21.95,20311434
2020-04-30,22.28,24.1,22.22,23.47,35307380
2020-05-06,23.7,24.26,23.33,24.09,30438725
2020-05-07,24.08,24.33,23.34,23.44,21499368
2020-05-08,23.8,24.0,23.22,23.46,19421309
2020-05-11,23.48,24.0,23.35,23.57,17648204
2020-05-12,23.6,23.74,22.85,23.44,19864221
2020-05-13,23.66,24.32,23.66,24.0,26555475
2020-05-14,23.91,24.45,23.38,23.65,33222095
2020-05-15,23.78,24.55,23.28,24.38,35742069
2020-05-18,25.18,25.48,22.94,23.25,44953968
2020-05-19,23.53,24.3,23.19,24.23,33572079
2020-05-20,24.09,25.27,23.82,24.01,36683217
2020-05-21,24.3,24.86,23.91,23.99,35702632
2020-05-22,23.94,23.98,22.4,22.73,34298832
2020-05-25,22.5,22.77,21.65,21.93,21098559
2020-05-26,22.13,22.63,22.07,22.63,18927062
2020-05-27,22.5,22.61,21.21,21.32,31053615
2020-05-28,21.5,21.55,20.76,21.21,23083487
2020-05-29,21.09,21.54,20.93,21.4,17919263
2020-06-01,21.6,22.88,21.52,22.47,32473523
2020-06-02,22.7,23.05,22.36,22.85,24253803
2020-06-03,22.76,23.07,22.24,22.39,26296407
2020-06-04,22.52,22.71,22.04,22.11,18285865
2020-06-05,22.22,22.73,21.93,22.49,18905111
2020-06-08,22.71,22.96,22.33,22.5,17719062
2020-06-09,22.3,22.6,21.95,22.52,15770330
2020-06-10,22.32,22.41,21.65,22.05,18765628
2020-06-11,21.95,23.92,21.81,22.89,38739764
2020-06-12,22.39,22.81,22.13,22.37,26341262
2020-06-15,22.1,22.3,21.5,21.69,25016494
2020-06-16,22.0,22.43,21.93,22.43,19234636
2020-06-17,22.45,22.52,21.65,22.02,19807005
2020-06-18,22.0,22.46,21.81,22.27,17962863
2020-06-19,22.28,23.1,22.02,22.82,29492819
2020-06-22,22.84,24.38,22.72,23.92,42821110
2020-06-23,23.79,23.96,23.42,23.69,23695859
2020-06-24,23.88,24.68,23.7,24.3,36768102
2020-06-29,24.25,24.98,24.01,24.58,30811407
2020-06-30,25.18,25.18,24.28,24.74,27606326
2020-07-01,24.77,24.89,23.52,24.18,30894539
2020-07-02,24.2,25.21,23.88,24.89,31847201
2020-07-03,24.93,25.57,24.34,25.51,34424446
2020-07-06,25.9,27.88,25.2,27.16,46160672
2020-07-07,27.16,28.2,27.16,27.2,37137370
2020-07-08,27.2,27.71,26.52,27.47,26454826
2020-07-09,27.65,28.9,27.57,28.12,33052301
2020-07-10,28.02,28.8,27.65,28.3,30749374
2020-07-13,28.05,29.29,28.02,29.29,32641714
2020-07-14,29.25,29.25,26.68,27.41,45217965
2020-07-15,27.5,27.99,26.41,26.84,35561571
2020-07-16,27.0,27.1,24.3,24.4,42074740
2020-07-17,24.42,24.88,23.4,23.67,36260407
2020-07-20,24.09,24.67,23.65,24.5,35160608
2020-07-21,24.68,25.5,24.44,24.72,28041098
2020-07-22,24.79,25.21,24.31,24.51,24018939
2020-07-23,24.26,25.37,23.85,25.2,33925135
2020-07-24,25.0,25.16,23.3,23.38,28004203
2020-07-27,23.5,24.35,23.41,23.67,21006804
2020-07-28,24.38,25.35,24.03,24.38,24500479
2020-07-29,24.28,25.2,23.9,25.1,26907735
2020-07-30,25.18,25.2,24.36,24.55,20164655
2020-07-31,24.44,25.25,24.4,24.83,24331635
2020-08-03,25.2,26.31,25.06,25.92,33918138
2020-08-04,25.92,26.62,25.68,26.07,32432780
2020-08-05,27.07,27.09,25.7,25.77,32043134
2020-08-06,25.57,25.92,25.18,25.3,22542890
2020-08-07,25.26,25.4,23.91,24.34,22577086
2020-08-10,24.33,24.86,24.1,24.6,14925488
2020-08-11,24.44,25.15,24.26,24.37,17780473
2020-08-12,24.27,24.5,23.33,23.9,18455686
2020-08-13,23.94,24.31,23.75,24.15,11875752
2020-08-14,24.27,25.41,24.15,25.28,26510882
2020-08-17,25.65,25.65,24.7,25.3,23332220
2020-08-18,25.28,25.28,24.96,25.12,14120041
2020-08-19,25.1,25.48,24.33,24.47,17756750
2020-08-20,24.12,24.54,23.56,23.61,16182040
2020-08-21,23.89,24.26,23.58,23.76,13499809
2020-08-24,24.02,26.47,24.02,25.92,44610481
2020-08-25,25.64,25.96,25.3,25.65,26385527
2020-08-26,25.74,25.91,23.79,24.1,36334905
2020-08-27,24.33,26.86,24.16,26.38,63808604
2020-08-28,26.69,27.5,26.12,26.98,50380677
2020-08-31,27.12,27.24,25.54,26.06,50103159
2020-09-01,25.97,26.12,25.35,26.09,25993453
2020-09-02,25.99,26.24,25.6,25.97,23086996
2020-09-03,25.86,25.96,25.1,25.25,23150510
2020-09-04,24.8,26.09,24.7,25.7,28793576
2020-09-07,26.45,29.12,26.13,27.05,64549306
2020-09-08,27.0,28.7,26.51,27.95,60218453
2020-09-09,27.4,27.72,25.71,25.77,43253484
2020-09-10,26.13,26.9,24.88,26.74,48599919
2020-09-11,26.0,29.43,25.55,29.15,57458759
2020-09-14,29.56,31.44,28.58,30.91,67306799
2020-09-15,30.3,30.91,29.6,30.57,45006393
2020-09-16,30.7,32.22,29.7,29.94,50476417
2020-09-17,29.7,34.77,29.06,32.77,76535132
2020-09-18,32.7,33.43,31.68,32.15,53009414
2020-09-21,32.49,33.26,31.68,32.61,42096203
2020-09-22,32.01,32.38,30.38,30.4,47057995
2020-09-23,30.98,33.2,30.65,32.3,55718571
2020-09-24,31.52,31.58,29.71,30.24,49867570
2020-09-25,30.54,30.59,29.6,29.81,23919455
2020-09-28,30.33,31.28,30.28,30.46,34399283
2020-09-29,30.83,31.4,30.2,30.2,24962667
2020-09-30,31.4,32.52,30.59,30.65,42704218
2020-10-09,32.91,32.91,31.4,31.92,46734093
2020-10-12,32.0,32.88,30.41,32.83,62880593
2020-10-13,32.0,35.68,31.58,34.42,64159184
2020-10-14,33.84,34.38,33.0,33.8,40298448
2020-10-15,33.82,34.62,32.88,32.92,45719764
2020-10-16,32.9,33.1,30.98,31.16,45355040
2020-10-19,31.06,31.25,30.01,30.12,25020984
2020-10-20,30.5,30.88,30.12,30.74,21516109
2020-10-21,30.74,30.97,29.1,29.1,34387259
2020-10-22,29.54,29.87,28.56,29.1,21876072
2020-10-23,29.1,29.46,28.13,28.31,23195494
2020-10-26,28.3,29.06,27.98,28.88,18027916
2020-10-27,28.6,29.27,28.46,29.08,16101281
2020-10-28,29.08,29.96,28.6,29.67,22320343
2020-10-29,28.98,30.26,28.85,29.53,21600048
2020-10-30,29.65,30.4,28.89,29.0,25446448
2020-11-02,29.31,30.1,28.6,29.99,21964718
2020-11-03,30.19,30.6,29.74,30.03,21716751
2020-11-04,30.08,30.33,28.95,28.98,24033643
2020-11-05,29.43,30.68,29.2,30.68,29880715
2020-11-06,30.9,30.94,29.89,30.07,23003645
2020-11-09,30.2,32.16,30.2,31.83,41404454
2020-11-10,31.45,32.48,31.01,32.12,32330543
2020-11-11,31.72,32.32,30.4,30.66,24988222
2020-11-12,31.01,31.2,29.21,29.57,22199031
2020-11-13,29.44,29.95,29.11,29.56,14455340
2020-11-16,29.66,29.79,28.48,28.68,22171293
2020-11-17,28.63,28.8,26.26,27.26,38198628
2020-11-18,27.5,28.49,27.31,28.08,29071186
2020-11-19,27.87,28.36,27.68,28.24,12685305
2020-11-20,28.35,29.14,28.25,29.0,17670266
2020-11-23,29.14,29.37,28.58,29.32,16836311
2020-11-24,28.89,29.49,28.88,29.27,12901052
2020-11-25,29.27,29.4,28.45,28.54,12538624
2020-11-26,28.59,28.86,28.11,28.83,10753968
2020-11-27,28.62,29.02,28.11,28.41,8780266
2020-11-30,28.51,28.63,27.72,28.04,14278032
2020-12-01,28.2,29.1,27.82,29.0,13767760
2020-12-02,29.05,30.85,28.9,30.15,30742048
2020-12-03,30.18,30.3,29.34,29.8,15673356
2020-12-04,29.67,30.0,29.31,29.84,11928366
2020-12-07,30.14,30.45,29.44,29.85,12576064
2020-12-08,29.55,29.93,29.1,29.1,11852440
2020-12-09,29.4,29.75,28.47,28.48,15646143
2020-12-10,28.92,29.99,28.25,29.65,22041245
2020-12-11,30.33,30.68,28.94,29.14,27076632
2020-12-14,29.66,31.52,29.66,30.97,37822069
2020-12-15,30.69,31.66,30.58,31.63,32998085
2020-12-16,31.2,32.38,31.06,31.98,31706096
2020-12-17,32.08,32.25,30.98,31.78,19355967
2020-12-18,32.09,32.75,31.59,32.15,22873086
2020-12-21,32.7,33.57,32.43,32.9,26422253
2020-12-22,32.88,33.38,31.89,31.93,25647318
2020-12-23,32.52,34.19,32.5,33.27,32913741
2020-12-24,33.0,33.77,32.64,32.85,18937165
2020-12-25,32.44,33.66,31.4,33.65,26949036
2020-12-28,33.9,34.38,32.37,32.99,24796713
2020-12-29,32.46,32.77,29.81,30.0,34932223
2020-12-30,30.48,30.6,29.56,30.38,29107266
2020-12-31,30.8,31.18,29.49,30.08,26613998
2021-01-04,30.63,32.47,30.1,32.3,32016813
2021-01-05,32.06,33.1,31.36,32.82,32634825
2021-01-06,32.8,32.89,31.4,32.1,23718304
2021-01-07,32.31,35.45,32.3,34.66,50604365
2021-01-08,34.67,35.24,33.51,34.36,35405936
2021-01-11,34.8,36.11,33.23,34.1,47187776
2021-01-12,33.1,36.88,33.1,36.8,46197470
2021-01-13,36.6,37.83,35.8,36.96,42819580
2021-01-14,36.93,39.45,35.48,37.6,54426412
2021-01-15,37.4,37.6,35.0,36.2,33120062
2021-01-18,36.67,39.82,35.46,38.5,41293885
2021-01-19,38.31,40.37,37.95,38.98,39031313
2021-01-20,39.1,43.01,38.98,42.4,42587106
2021-01-21,43.0,45.79,42.25,42.87,55070336
2021-01-22,43.41,45.45,42.75,45.0,41737257
2021-01-25,44.45,45.58,42.7,43.23,39879387
2021-01-26,42.6,43.48,41.25,41.3,33526049
2021-01-27,42.65,45.18,40.17,44.0,57529729
2021-01-28,43.0,43.25,41.14,41.82,39564419
2021-01-29,42.3,43.46,39.0,40.14,37137632
2021-02-01,41.51,41.86,40.24,41.2,21309632
2021-02-02,43.25,43.8,42.15,42.6,31601539
2021-02-03,42.45,43.16,40.97,41.32,25203507
2021-02-04,40.77,41.25,38.89,40.09,26873560
2021-02-05,40.8,42.83,40.11,40.28,26181534
2021-02-08,39.4,41.11,38.07,40.5,19598666
2021-02-09,40.71,42.25,40.35,41.72,20167580
2021-02-10,41.85,42.38,40.12,41.69,19044446
2021-02-18,42.42,44.55,41.94,43.35,29594557
2021-02-19,43.0,43.1,40.68,42.1,20479118
2021-02-22,41.68,42.26,40.0,40.24,25801844
2021-02-23,39.69,40.74,39.45,39.81,14469289
2021-02-24,39.77,40.0,38.0,38.35,18441941
2021-02-25,38.97,39.17,36.9,37.2,16694617
2021-02-26,36.18,37.66,35.7,37.39,16684919
2021-03-01,37.59,38.35,37.3,37.68,11928858
2021-03-02,38.28,38.3,36.8,37.08,13366330
2021-03-03,37.1,37.57,36.47,36.86,16250879
2021-03-04,36.86,37.1,34.85,35.1,18362483
2021-03-05,34.99,35.6,34.58,35.17,13477369
2021-03-08,35.37,35.83,33.14,33.15,16627307
2021-03-09,33.15,33.46,31.62,31.74,18854920
2021-03-10,32.93,33.15,31.73,32.1,12309359
2021-03-11,32.03,33.34,31.78,33.01,13423832
2021-03-12,33.6,33.8,32.01,33.21,14207241
2021-03-15,34.74,35.59,32.59,32.86,21807354
2021-03-16,33.03,33.43,31.28,31.46,19032796
2021-03-17,31.3,32.22,30.71,31.9,14998306
2021-03-18,31.98,33.51,31.98,33.35,18183251
2021-03-19,32.9,33.27,31.73,32.23,14476796
2021-03-22,32.08,32.93,31.73,32.47,11440588
2021-03-23,32.74,33.44,32.19,32.66,16797227
2021-03-24,32.3,32.65,31.5,31.68,10912328
2021-03-25,31.37,32.2,31.37,31.77,10281871
2021-03-26,32.06,33.12,32.06,32.7,15052313
2021-03-29,32.85,32.85,31.0,32.34,14710130
2021-03-30,32.5,33.88,32.03,33.59,17540706
2021-03-31,33.4,33.68,32.63,32.94,9263346
2021-04-01,32.9,34.18,32.88,33.57,12168761
2021-04-02,33.77,35.25,33.31,34.85,19361308
2021-04-06,35.44,35.44,33.86,34.51,14214047
2021-04-07,35.1,35.2,33.04,33.78,19225863
2021-04-08,33.68,34.11,33.55,33.74,11521704
2021-04-09,33.5,34.08,32.89,32.92,10753087
2021-04-12,32.86,33.29,31.05,31.35,12929432
2021-04-13,31.24,31.63,30.87,31.19,8642976
2021-04-14,31.5,31.94,31.07,31.7,9829459
2021-04-15,31.5,32.41,31.42,32.18,9121032
2021-04-16,32.18,33.59,32.03,33.44,16998802
2021-04-19,33.55,34.96,33.19,34.83,18404852
2021-04-20,34.6,36.03,34.41,35.4,16975306
2021-04-21,35.22,36.54,35.11,36.1,15090717
2021-04-22,36.4,36.5,35.5,36.11,12585262
2021-04-23,36.3,36.31,35.82,36.06,9672661
2021-04-26,36.69,38.07,36.3,36.39,19160021
2021-04-27,36.57,37.34,36.0,36.24,11955742
2021-04-28,36.45,37.59,36.2,37.49,11478227
2021-04-29,38.5,39.61,37.24,38.45,31570145
2021-04-30,38.1,39.08,37.69,38.68,14858014
2021-05-06,38.82,39.42,37.09,38.07,17129948
2021-05-07,38.11,38.89,37.4,37.87,13330585
2021-05-10,37.8,37.87,35.87,36.2,19169512
2021-05-11,37.38,37.38,35.3,36.08,11511059
2021-05-12,36.04,36.7,35.28,36.53,10165419
2021-05-13,36.0,36.25,35.42,36.0,7394936
2021-05-14,36.23,37.2,36.0,36.9,9504442
2021-05-17,36.82,39.35,36.71,39.13,19586623
2021-05-18,38.89,40.3,38.55,39.82,15072887
2021-05-19,40.48,40.58,39.51,40.09,10559315
2021-05-20,39.75,41.12,39.56,40.81,10555907
2021-05-21,40.68,41.18,39.84,40.45,8415636
2021-05-24,40.5,40.8,39.75,40.5,7806129
2021-05-25,40.41,41.88,40.21,41.61,11852962
2021-05-26,41.23,41.53,39.78,40.79,11819170
2021-05-27,40.9,42.76,40.6,42.68,13400040
2021-05-28,42.05,42.6,41.1,41.41,16864772
2021-05-31,41.97,43.18,41.15,43.07,12106420
2021-06-01,42.79,43.15,42.02,43.07,10573718
2021-06-02,43.35,43.45,42.05,42.86,9246153
2021-06-03,42.8,43.34,41.7,41.88,11923152
2021-06-04,41.99,44.38,41.89,43.42,16195606
2021-06-07,43.42,44.21,42.5,42.67,10275002
2021-06-08,43.17,43.2,40.87,42.2,20248249
2021-06-09,42.21,42.76,41.57,42.6,9321561
2021-06-10,42.6,44.8,42.13,44.26,15992877
2021-06-11,44.99,44.99,43.47,43.8,9152921
2021-06-15,43.93,44.48,43.25,43.94,10044336
2021-06-16,43.95,44.13,41.55,41.6,11098143
2021-06-17,42.27,44.01,41.2,43.49,17705724
2021-06-18,43.6,44.86,43.2,44.21,13030331
2021-06-21,44.5,50.65,43.82,49.9,28662752
2021-06-22,48.97,49.5,47.08,47.7,20091156
2021-06-23,47.86,48.65,47.2,48.0,18753247
2021-06-24,48.52,48.52,45.8,47.25,16368349
2021-06-25,46.69,47.75,46.52,47.21,11533516
2021-06-28,47.21,48.5,46.85,47.32,15442115
2021-06-29,48.23,49.95,47.7,48.54,19143947
2021-06-30,49.15,51.44,48.26,50.5,21902788
2021-07-01,51.26,51.26,47.79,47.79,15428627
2021-07-02,47.04,48.86,46.83,47.41,14292914
2021-07-05,47.98,49.32,47.41,48.3,12341632
2021-07-06,48.53,49.35,46.52,47.33,15716752
2021-07-07,47.0,50.3,46.32,49.7,19658989
2021-07-08,49.7,52.35,49.36,50.2,18923992
2021-07-09,51.45,51.5,48.2,50.38,19607839
2021-07-12,50.9,54.54,50.31,53.2,22542570
2021-07-13,53.0,54.5,51.8,52.6,14680444
2021-07-14,52.9,52.9,50.78,50.82,12904975
2021-07-15,50.85,53.45,50.8,53.14,17258279
2021-07-16,52.46,53.42,51.48,51.5,15619737
2021-07-19,50.88,52.43,50.7,51.02,14214128
2021-07-20,51.0,52.79,50.7,51.79,10938369
2021-07-21,52.27,55.44,51.75,54.85,22999423
2021-07-22,55.3,55.81,53.45,55.32,17111605
2021-07-23,55.39,63.33,55.37,59.2,33262307
2021-07-26,59.98,61.0,56.92,58.49,22209744
2021-07-27,58.5,62.78,57.9,58.06,29890364
2021-07-28,56.14,58.12,53.92,56.0,26783493
2021-07-29,58.02,66.0,56.7,64.32,34197720
2021-07-30,63.01,65.3,62.18,63.86,25249871
2021-08-02,66.63,70.85,63.62,67.4,43291042
2021-08-03,66.61,68.68,64.0,65.08,26759141
2021-08-04,64.05,68.41,64.0,67.2,27058653
2021-08-05,66.3,66.4,64.0,65.33,16527330
2021-08-06,65.5,67.38,64.32,65.49,14774307
2021-08-09,65.17,65.51,60.6,61.75,23413146
2021-08-10,61.97,63.35,60.62,61.74,19217471
2021-08-11,62.2,65.22,61.74,64.38,20476139
2021-08-12,64.4,67.67,64.11,65.05,20038444
2021-08-13,64.26,64.99,61.75,62.0,16443931
2021-08-16,61.65,63.06,60.18,60.94,15664921
2021-08-17,60.59,61.76,58.36,59.38,19129477
2021-08-18,60.1,60.58,58.09,59.0,15731262
2021-08-19,58.88,61.15,58.17,60.49,13962351
2021-08-20,60.5,61.88,59.81,60.96,13082935
2021-08-23,61.11,63.83,60.29,62.99,17182555
2021-08-24,63.37,64.3,61.61,62.78,15037901
2021-08-25,62.68,64.96,61.0,64.1,14449720
2021-08-26,64.08,69.68,63.82,68.4,26264246
2021-08-27,67.61,72.2,67.1,71.76,25654251
2021-08-30,71.7,79.74,71.65,76.8,30436298
2021-08-31,77.0,77.67,74.68,77.67,16679015
2021-09-01,83.26,84.99,72.3,76.86,33184874
2021-09-02,76.8,80.5,76.21,77.45,19943196
2021-09-03,75.95,80.3,74.31,75.0,22086358
2021-09-06,74.46,75.79,71.7,73.86,20398296
2021-09-07,73.58,76.85,72.88,74.11,14735880
2021-09-08,74.5,74.95,69.8,70.51,21573731
2021-09-09,71.5,71.5,68.4,69.93,17523309
2021-09-10,71.0,75.85,69.88,75.29,24566325
2021-09-13,75.87,75.99,69.9,70.95,21924427
2021-09-14,70.01,73.37,69.79,70.6,15193369
2021-09-15,70.33,72.86,70.01,71.52,12348989
2021-09-16,70.43,71.6,69.0,69.5,16058513
2021-09-17,68.9,70.88,65.39,67.72,16754561
2021-09-22,65.57,69.5,65.46,68.24,11007272
2021-09-23,68.86,68.96,67.05,68.0,10221555
2021-09-24,67.36,70.5,66.81,68.21,14220668
2021-09-27,68.21,70.85,65.64,67.74,13177949
2021-09-28,66.72,68.9,65.6,66.42,9962685
2021-09-29,64.11,66.56,63.0,63.95,13965804
2021-09-30,64.29,65.45,62.69,64.35,9430161
2021-10-08,65.0,65.28,62.0,62.71,11355276
2021-10-11,62.28,64.08,61.2,62.5,9200933
2021-10-12,62.5,63.87,60.6,61.3,9594147
2021-10-13,61.3,63.57,61.0,63.52,9511362
2021-10-14,63.05,71.48,62.7,71.23,25654948
2021-10-15,72.0,74.07,70.68,72.23,17247394
2021-10-18,73.55,76.42,72.51,76.09,21958212
2021-10-19,76.67,76.88,74.67,76.33,12335752
2021-10-20,76.36,77.98,75.28,75.68,11231770
2021-10-21,76.0,76.28,73.66,75.0,14278874
2021-10-22,75.16,75.68,73.29,73.5,9535477
2021-10-25,73.9,75.95,73.12,74.96,12162907
2021-10-26,74.47,75.68,72.01,74.22,13347784
2021-10-27,75.9,75.98,73.66,74.95,12207382
2021-10-28,74.99,76.58,74.2,75.01,14622848
2021-10-29,75.3,78.48,73.0,76.41,15120328
2021-11-01,76.41,77.5,73.36,75.65,14737349
2021-11-02,74.02,79.62,74.02,76.75,18357205
2021-11-03,75.5,78.28,75.5,76.61,11751187
2021-11-04,76.86,78.2,75.72,76.36,10465414
2021-11-05,76.36,80.6,75.55,79.01,16362066
2021-11-08,78.23,79.88,76.8,79.5,11897432
2021-11-09,82.02,82.58,77.0,77.63,13969437
2021-11-10,77.0,80.5,76.88,79.68,10896885
2021-11-11,79.29,81.39,78.1,81.11,10606053
2021-11-12,81.1,83.23,79.95,82.73,12818415
2021-11-15,83.59,83.86,75.56,75.8,21391010
2021-11-16,74.6,75.86,73.61,74.15,16882366
2021-11-17,74.07,75.15,72.85,74.0,11398423
2021-11-18,73.89,73.89,70.3,71.56,17016251
2021-11-19,71.54,72.89,69.79,72.04,18018764
2021-11-22,72.11,76.93,71.5,76.48,20298186
2021-11-23,75.81,75.81,71.07,71.24,19303221
2021-11-24,69.7,71.24,67.6,67.94,20724739
2021-11-25,67.62,68.83,66.59,66.82,13451956
2021-11-26,67.0,69.26,66.6,68.21,10569283
2021-11-29,67.88,70.79,67.61,70.55,13886828
2021-11-30,71.5,71.83,69.3,71.83,10707683
2021-12-01,71.5,71.5,68.5,68.92,16057231
2021-12-02,68.49,69.78,67.91,68.94,9117103
2021-12-03,68.06,69.28,66.98,68.2,13635288
2021-12-06,70.36,71.43,68.01,68.01,14603273
2021-12-07,68.99,70.98,67.01,68.03,12876864
2021-12-08,68.88,71.4,68.42,70.88,15965488
2021-12-09,70.88,71.0,69.4,70.8,12239858
2021-12-10,70.29,75.99,70.29,75.29,30474493
2021-12-13,75.83,75.83,71.81,75.1,22893562
2021-12-14,74.34,74.69,73.21,73.65,12040363
2021-12-15,72.8,73.55,72.23,72.3,10480097
2021-12-16,73.0,73.12,71.83,72.73,5371825
2021-12-17,72.45,72.45,70.53,70.73,8461268
2021-12-20,70.2,71.2,68.08,68.75,8082578
2021-12-21,68.48,70.13,66.9,68.2,8892452
2021-12-22,68.39,70.51,67.15,69.56,11555163
2021-12-23,69.35,71.5,68.9,70.48,7097809
2021-12-24,71.16,71.3,67.81,69.42,6369404
2021-12-27,68.65,69.41,67.27,68.04,9689568
2021-12-28,68.0,68.91,67.02,68.68,8158575
2021-12-29,68.38,69.97,66.41,68.0,9815204
2021-12-30,67.64,68.93,66.68,66.7,10867659
2021-12-31,67.43,70.37,67.38,69.5,19586327
2022-01-04,69.5,70.06,64.0,64.63,26121373
2022-01-05,65.2,65.38,60.3,61.66,20029511
2022-01-06,59.61,61.5,59.1,60.44,16186684
2022-01-07,60.54,61.46,57.66,58.74,16440763
2022-01-10,58.6,58.6,56.0,56.67,16004163
2022-01-11,56.59,57.23,55.86,56.45,13091795
2022-01-12,56.78,59.21,56.18,59.09,15788844
2022-01-13,59.45,61.66,57.38,59.46,18912981
2022-01-14,59.1,62.99,59.0,61.25,17001063
2022-01-17,62.19,63.57,61.66,62.85,11446786
2022-01-18,62.49,63.36,61.74,62.47,8529940
2022-01-19,62.39,62.39,60.65,60.99,8416330
2022-01-20,61.48,61.94,59.89,60.3,8279543
2022-01-21,60.32,60.95,58.81,59.35,7013855
2022-01-24,59.32,62.0,59.02,61.4,8652391
2022-01-25,61.25,62.7,60.75,60.77,8557392
2022-01-26,60.7,61.73,59.88,61.5,6384620
2022-01-27,61.35,61.35,58.01,58.2,14244408
2022-01-28,58.24,59.34,56.8,57.29,11104558
2022-02-07,58.6,60.27,57.8,59.43,10501550
2022-02-08,60.0,60.0,55.16,55.81,12347794
2022-02-09,55.75,57.45,54.7,57.23,12296461
2022-02-10,57.2,57.8,55.61,57.1,9833683
2022-02-11,56.0,56.43,53.88,54.04,11911740
2022-02-14,53.14,55.7,52.84,54.3,12431002
2022-02-15,55.2,57.1,54.3,57.05,12214722
2022-02-16,57.44,57.7,56.34,56.94,6434117
2022-02-17,56.8,60.36,56.8,59.18,10394108
2022-02-18,58.87,59.45,56.39,57.1,9980594
2022-02-21,57.03,57.49,55.92,57.31,7043336
2022-02-22,57.0,60.3,56.3,60.1,14755282
2022-02-23,60.53,63.83,60.11,62.57,18916056
2022-02-24,62.7,64.18,61.7,62.56,9723521
2022-02-25,64.07,64.59,62.07,63.6,9859334
2022-02-28,63.68,65.2,63.25,65.0,10201765
2022-03-01,65.17,66.14,63.68,64.28,10072409
2022-03-02,63.6,63.94,62.66,63.38,6066582
2022-03-03,63.84,63.99,61.8,62.14,7134748
2022-03-04,61.98,63.7,61.71,62.18,7457336
2022-03-07,61.29,62.6,60.4,60.74,8518995
2022-03-08,60.73,62.65,60.3,60.44,13176483
2022-03-09,62.0,63.6,58.0,60.68,16500043
2022-03-10,62.6,64.23,61.66,62.93,14745843
2022-03-11,61.94,63.26,60.64,62.83,10197345
2022-03-14,61.75,62.88,59.51,59.66,12448255
2022-03-15,59.0,60.28,57.18,57.43,13259840
2022-03-16,58.53,60.1,55.25,59.45,14031243
2022-03-17,60.66,62.65,59.72,61.3,13315074
2022-03-18,61.15,61.44,59.09,60.15,7578071
2022-03-21,60.4,64.46,60.25,63.02,9990438
2022-03-22,62.41,62.98,61.42,62.0,8008979
2022-03-23,62.59,63.1,61.1,61.79,6004782
2022-03-24,61.46,62.48,59.79,61.8,5424093
2022-03-25,61.45,62.98,59.7,59.82,6415769
2022-03-28,59.46,60.78,58.03,59.02,5325232
2022-03-29,59.15,59.95,58.05,59.1,5025024
2022-03-30,59.4,60.86,58.38,60.8,5463863
2022-03-31,60.32,60.82,59.16,60.0,5050461
2022-04-01,60.01,60.3,58.98,58.98,5008138
2022-04-06,57.66,58.6,56.51,56.99,7563230
2022-04-07,56.02,57.29,55.51,55.88,5441259
2022-04-08,57.0,57.1,54.81,55.1,5692395
2022-04-11,54.33,54.8,52.52,52.6,7351024
2022-04-12,52.61,53.26,50.7,52.11,10592800
2022-04-13,52.0,53.39,50.92,51.71,6526553
2022-04-14,52.09,52.68,51.35,52.26,6698967
2022-04-15,51.57,52.14,50.97,51.28,4421417
2022-04-18,51.0,54.79,50.66,54.27,7885602
2022-04-19,54.52,55.98,54.0,54.7,6808771
2022-04-20,54.79,56.0,52.8,52.9,5613392
2022-04-21,52.67,54.22,50.97,51.1,5795876
2022-04-22,51.36,51.36,49.14,49.43,8014936
2022-04-25,48.95,49.31,44.0,44.7,15766447
2022-04-26,44.98,45.49,43.5,44.03,9826110
2022-04-27,43.4,47.65,42.2,47.3,16741203
2022-04-28,46.73,48.7,46.48,48.59,9769495
2022-04-29,49.5,51.02,49.05,50.55,10103084
2022-05-05,50.67,52.48,50.38,51.35,8189289
2022-05-06,50.07,51.6,50.03,50.92,5664884
2022-05-09,51.03,51.77,49.3,49.58,6429303
2022-05-10,49.0,51.66,48.9,50.39,9205237
2022-05-11,50.8,53.26,50.4,52.4,10947589
2022-05-12,52.0,52.48,51.23,52.0,5597583
2022-05-13,52.4,53.2,51.36,52.3,5297880
2022-05-16,52.7,54.18,51.12,51.51,6892186
2022-05-17,51.69,53.7,51.25,53.2,8504467
2022-05-18,53.21,55.62,52.88,54.97,8187690
2022-05-19,53.95,56.8,53.9,56.2,11496773
2022-05-20,56.5,56.76,54.8,56.05,7864894
2022-05-23,56.2,56.87,55.41,56.49,5417194
2022-05-24,56.5,57.49,54.7,54.98,6860435
2022-05-25,54.93,55.58,54.03,54.5,6252692
2022-05-26,55.2,55.28,53.6,54.6,5173427
2022-05-27,55.17,55.79,53.88,54.09,4753026
2022-05-30,54.49,54.95,53.64,54.16,5025713
2022-05-31,55.1,55.4,53.9,55.32,7512729
2022-06-01,54.9,55.37,53.68,54.2,8929011
2022-06-02,54.5,57.09,54.1,56.74,10898069
2022-06-06,56.75,60.63,56.41,59.76,11785300
2022-06-07,59.86,60.7,58.8,60.0,9588455
2022-06-08,59.8,60.35,58.04,59.12,8021306
2022-06-09,58.43,59.58,57.43,57.8,7676340
2022-06-10,57.3,59.38,57.01,59.3,9891116
2022-06-13,58.6,60.18,58.1,59.84,8293032
2022-06-14,58.66,59.8,58.31,59.78,8826071
2022-06-15,60.44,62.08,59.27,60.12,9519206
2022-06-16,59.5,62.08,59.35,61.86,7851937
2022-06-17,61.62,63.35,60.7,63.14,9529429
2022-06-20,63.39,67.8,63.38,65.14,12747342
2022-06-21,64.85,65.8,63.01,63.8,7505662
2022-06-22,64.03,66.6,63.6,65.83,10067378
2022-06-23,65.9,67.6,65.21,67.29,8523065
2022-06-24,66.99,67.73,66.02,66.5,7535977
2022-06-27,67.0,67.48,64.95,65.61,11294002
2022-06-28,65.41,69.15,65.1,68.8,11880315
2022-06-29,68.2,69.18,66.01,66.69,11249398
2022-06-30,66.8,68.19,66.19,67.59,8883447
2022-07-01,67.1,67.96,65.43,65.5,7942222
2022-07-04,64.52,70.5,64.51,68.75,14878725
2022-07-05,68.38,71.18,68.3,68.99,14369167
2022-07-06,68.99,70.6,68.11,68.94,9142782
2022-07-07,68.72,71.28,68.2,70.22,10942774
2022-07-08,70.3,72.22,69.54,69.86,14483558
2022-07-11,71.0,71.0,67.35,68.35,9480750
2022-07-12,69.8,69.99,66.96,67.33,10071982
2022-07-13,67.33,68.51,65.0,67.5,10992697
2022-07-14,67.29,70.98,66.9,69.8,11207752
2022-07-15,69.93,71.19,68.1,68.47,7359342
2022-07-18,68.43,68.99,65.7,67.79,10283855
2022-07-19,69.0,69.0,66.74,67.0,7189265
2022-07-20,68.75,71.05,68.01,69.58,9262164
2022-07-21,69.59,70.4,67.62,67.86,7673357
2022-07-22,67.65,70.27,67.65,69.19,6806627
2022-07-25,69.14,69.29,67.67,68.67,7466902
2022-07-26,68.71,70.94,68.71,70.02,7231121
2022-07-27,70.38,75.0,69.25,74.65,15734657
2022-07-28,74.65,74.65,72.48,72.96,10647316
2022-07-29,73.06,73.9,72.03,73.02,6817581
2022-08-01,72.12,72.3,69.38,71.55,8528068
2022-08-02,70.88,72.73,70.31,71.0,8931836
2022-08-03,71.8,72.98,70.06,71.12,9234398
2022-08-04,71.95,72.25,68.9,70.45,7699447
2022-08-05,70.58,71.94,69.51,71.69,6844105
2022-08-08,71.53,71.61,69.18,70.05,7815396
2022-08-09,70.0,73.28,69.4,71.94,9520938
2022-08-10,71.1,72.9,70.38,71.23,7847016
2022-08-11,71.5,71.9,67.55,70.0,12697733
2022-08-12,69.4,70.3,67.55,67.63,10019172
2022-08-15,70.38,76.27,70.0,75.72,28672822
2022-08-16,74.92,76.46,72.9,76.2,20520540
2022-08-17,76.32,78.5,75.44,76.1,13460736
2022-08-18,76.1,84.9,75.84,84.01,27042899
2022-08-19,84.92,85.91,81.66,82.06,16919706
2022-08-22,81.03,82.82,79.58,81.69,13791980
2022-08-23,80.8,84.59,80.8,83.11,15218636
2022-08-24,83.15,84.67,80.18,80.5,12081030
2022-08-25,82.3,82.88,77.77,79.4,13534836
2022-08-26,79.55,80.5,76.02,76.91,11002207
2022-08-29,75.0,81.37,75.0,80.16,14684885
2022-08-30,80.14,84.0,79.14,80.4,13954067
2022-08-31,79.66,80.4,74.87,76.0,18418524
2022-09-01,75.44,76.42,73.8,74.47,9530633
2022-09-02,74.85,76.23,73.1,74.13,7862815
2022-09-05,74.51,77.0,73.16,74.2,12631679
2022-09-06,74.76,78.16,72.73,77.91,13848782
2022-09-07,77.35,81.2,77.0,78.83,13405830
2022-09-08,78.7,84.1,78.5,82.9,16911692
2022-09-09,83.1,83.75,80.72,81.6,8727683
2022-09-13,82.0,82.44,79.38,80.59,8234164
2022-09-14,79.21,82.11,79.0,80.57,7454337
2022-09-15,81.6,81.81,71.95,73.0,21877631
2022-09-16,72.97,76.0,72.5,73.75,10074290
2022-09-19,73.81,75.32,72.0,72.69,6645575
2022-09-20,73.51,75.3,72.6,73.78,6309659
2022-09-21,73.29,74.08,71.12,71.34,7983595
2022-09-22,70.88,72.8,69.71,71.81,6500387
2022-09-23,71.86,72.9,69.86,71.0,7095426
2022-09-26,71.0,73.5,70.08,71.88,8756961
2022-09-27,71.91,72.55,70.62,71.16,5951622
2022-09-28,71.7,72.15,68.71,68.9,9033711
2022-09-29,69.5,70.59,67.82,70.17,6220390
2022-09-30,70.17,70.17,67.5,67.62,7072579
2022-10-10,67.77,68.5,65.32,65.9,8152539
2022-10-11,66.75,66.75,64.69,65.06,6080986
2022-10-12,65.0,67.0,61.67,66.5,13820349
2022-10-13,66.09,70.17,65.55,67.1,9596356
2022-10-14,68.0,69.39,66.08,68.35,10967950
2022-10-17,67.88,71.4,67.61,70.52,11336630
2022-10-18,70.52,71.64,69.69,70.52,6821731
2022-10-19,70.45,72.2,69.6,69.96,5914853
2022-10-20,69.6,71.36,68.3,69.85,6718173
2022-10-21,69.31,70.53,69.2,69.81,3829383
2022-10-24,69.92,70.95,68.0,68.73,6022484
2022-10-25,68.53,70.65,67.06,70.18,7959594
2022-10-26,72.0,77.85,71.11,76.81,20620785
2022-10-27,76.81,79.98,76.38,76.46,11057781
2022-10-28,76.58,77.32,73.79,74.3,10966152
2022-10-31,74.46,75.25,69.9,71.26,14318103
2022-11-01,70.41,74.17,70.2,73.0,9906733
2022-11-02,72.65,76.6,72.28,75.0,9235559
2022-11-03,74.21,78.37,73.96,76.32,10818926
2022-11-04,76.4,78.11,76.05,77.7,8823591
2022-11-07,77.0,78.69,76.2,76.65,8715068
2022-11-08,76.65,77.08,74.82,75.48,4209346
2022-11-09,75.48,76.08,73.0,73.38,5257506
2022-11-10,73.49,74.51,71.25,72.1,7414364
2022-11-11,74.16,74.5,71.38,71.65,7610933
2022-11-14,71.05,73.35,69.51,70.13,11056164
2022-11-15,69.96,71.64,69.51,71.41,8263620
2022-11-16,71.74,73.3,70.9,72.38,8051720
2022-11-17,71.55,72.3,67.31,68.27,15002290
2022-11-18,68.5,69.44,67.32,67.4,11368630
2022-11-21,66.79,69.39,66.79,68.36,6425164
2022-11-22,67.66,68.47,66.19,66.4,7322488
2022-11-23,66.39,69.58,66.1,69.02,9105733
2022-11-24,68.99,70.62,68.6,68.68,5137335
2022-11-25,68.15,69.18,66.38,66.75,5265057
2022-11-28,65.87,66.66,64.74,65.27,8456118
2022-11-29,65.28,65.88,63.91,64.65,8715696
2022-11-30,64.59,64.66,62.88,64.5,9942558
2022-12-01,65.5,65.5,64.06,64.75,7384488
2022-12-02,64.3,65.48,63.56,63.72,6841551
2022-12-05,63.75,65.53,63.5,65.39,12614021
2022-12-06,65.1,67.86,65.0,67.41,14890220
2022-12-07,66.47,70.8,66.47,70.0,14459451
2022-12-08,70.3,70.7,68.67,70.66,9761892
2022-12-09,70.1,70.78,69.0,70.78,8831947
2022-12-12,70.34,70.89,69.79,70.49,6560765
2022-12-13,70.66,70.88,69.15,69.47,5933667
2022-12-14,70.64,70.8,68.68,69.26,5888794
2022-12-15,68.84,70.19,68.7,70.13,5771843
2022-12-16,69.8,71.1,68.62,69.5,6065049
2022-12-19,68.73,70.39,68.0,69.65,3948377
2022-12-20,69.37,69.97,68.03,68.2,3483831
2022-12-21,68.5,68.6,64.88,65.52,5999108
2022-12-22,66.2,66.29,60.11,60.6,18510891
2022-12-23,60.81,61.96,59.39,60.15,9076274
2022-12-26,60.2,61.0,58.58,60.72,10595229
2022-12-27,61.05,62.86,60.8,62.03,9711715
2022-12-28,61.53,63.76,61.25,63.0,10205444
2022-12-29,62.42,64.99,62.22,64.3,7618549
2022-12-30,64.31,64.95,63.29,63.56,4650683
2023-01-03,63.62,64.61,62.31,63.99,8990393
2023-01-04,63.2,64.09,61.54,61.82,7874793
2023-01-05,62.0,62.6,61.01,62.08,7290080
2023-01-06,62.06,65.98,62.0,64.58,10305287
2023-01-09,64.61,65.38,63.21,64.05,7114350
2023-01-10,64.43,65.85,64.34,65.51,9440994
2023-01-11,65.09,66.19,64.67,65.3,5761116
2023-01-12,65.04,67.95,65.04,66.67,7373975
2023-01-13,66.67,66.98,65.8,66.2,4912598
2023-01-16,66.33,66.87,65.62,66.69,5667987
2023-01-17,66.23,67.38,66.04,67.0,5337015
2023-01-18,66.84,69.51,66.84,68.65,7331284
2023-01-19,68.51,68.58,66.53,66.61,8261835
2023-01-20,66.7,67.48,66.3,66.95,7185918
2023-01-30,68.0,70.18,67.87,68.5,10822870
2023-01-31,68.28,69.26,67.91,68.76,6208164
2023-02-01,69.2,69.48,66.94,68.67,7038449
2023-02-02,69.0,70.56,67.81,69.7,7683660
2023-02-03,69.7,70.22,68.25,69.4,4958731
2023-02-06,70.0,70.56,68.0,69.34,4624543
2023-02-07,69.31,69.9,68.42,68.52,5628360
2023-02-08,68.4,69.6,68.2,68.41,3770031
2023-02-09,68.4,69.38,67.55,69.25,6787847
2023-02-10,69.25,69.78,68.12,68.6,4061045
2023-02-13,68.7,68.97,67.5,68.1,5196835
2023-02-14,68.05,69.17,67.22,67.55,4567185
2023-02-15,67.65,68.2,66.75,67.11,5783112
2023-02-16,66.81,69.38,66.51,67.4,7713751
2023-02-17,67.9,68.0,66.6,66.66,5179370
2023-02-20,66.5,68.7,66.0,68.35,5302539
2023-02-21,68.38,68.64,65.08,66.84,9745679
2023-02-22,66.5,68.12,66.5,66.5,4929615
2023-02-23,66.8,69.7,66.68,68.82,9604122
2023-02-24,69.0,69.36,67.57,67.71,3900714
2023-02-27,67.33,69.84,67.3,68.01,5479924
2023-02-28,68.0,68.7,66.87,68.6,5061526
2023-03-01,68.68,68.78,67.06,67.62,5192080
2023-03-02,67.3,67.6,63.2,64.1,14219422
2023-03-03,64.58,65.79,64.21,64.52,6271249
2023-03-06,64.99,68.1,64.8,67.82,8687857
2023-03-07,67.7,68.68,67.18,67.39,5838945
2023-03-08,67.35,68.5,66.53,66.86,4071480
2023-03-09,66.9,69.72,66.85,68.58,7560259
2023-03-10,68.47,70.03,67.85,69.15,5652142
2023-03-13,68.81,70.23,67.96,68.45,4196087
2023-03-14,68.05,68.58,66.98,67.19,6105997
2023-03-15,67.6,68.76,66.02,66.21,5531900
2023-03-16,65.83,66.91,63.56,63.78,7186260
2023-03-17,63.78,64.8,63.78,63.87,5268321
2023-03-20,63.57,64.9,62.4,63.24,7449708
2023-03-21,63.01,63.73,61.48,62.51,6462825
2023-03-22,62.84,63.29,62.02,62.23,3982504
2023-03-23,61.89,62.97,61.65,62.35,6658610
2023-03-24,62.2,62.75,61.5,62.19,5361604
2023-03-27,62.26,63.58,61.79,63.1,6584959
2023-03-28,62.98,63.45,61.58,62.05,4594564
2023-03-29,62.3,64.15,62.28,63.85,6569721
2023-03-30,63.6,64.81,62.9,64.55,5807919
2023-03-31,64.55,66.02,64.12,65.29,5723766
2023-04-03,67.12,68.49,66.51,68.25,12343344
2023-04-04,68.25,70.18,67.5,68.37,11891532
2023-04-06,69.0,70.5,67.51,69.3,7670197
2023-04-07,69.54,70.72,68.52,69.44,5568644
2023-04-10,69.93,72.2,69.22,71.0,7715192
2023-04-11,70.77,71.5,70.02,71.05,8379218
2023-04-12,70.98,71.8,68.71,70.87,7921795
2023-04-13,70.69,70.99,69.2,69.75,5892202
2023-04-14,69.8,72.78,69.5,71.81,10354745
2023-04-17,74.98,75.0,69.47,69.75,13544331
2023-04-18,69.84,71.11,69.33,71.02,8989991
2023-04-19,71.01,71.21,68.81,69.1,7687335
2023-04-20,69.6,69.6,67.8,68.4,8247803
2023-04-21,68.93,69.37,67.46,67.48,7713884
2023-04-24,67.97,68.55,65.38,65.77,6934326
2023-04-25,66.2,66.64,63.55,64.64,8548479
2023-04-26,64.44,67.39,63.99,66.96,8681841
2023-04-27,66.72,67.78,66.1,67.0,7095231
2023-04-28,67.5,70.06,67.15,68.42,9793073
2023-05-04,68.21,69.19,67.07,67.41,5716482
2023-05-05,67.13,67.41,65.62,67.02,5250879
2023-05-08,67.08,68.59,66.11,67.86,5047993
2023-05-09,68.3,68.66,67.41,68.0,4391304
2023-05-10,67.64,67.99,66.4,67.73,5496306
2023-05-11,67.73,69.8,67.49,68.55,5346376
2023-05-12,69.09,69.84,68.37,68.89,5855500
2023-05-15,68.91,70.99,68.79,70.9,6966051
2023-05-16,70.3,71.68,70.0,70.87,6539824
2023-05-17,70.51,71.6,69.36,71.36,7761390
2023-05-18,71.35,73.25,71.05,72.13,7770062
2023-05-19,71.8,73.0,71.38,72.5,5196702
2023-05-22,73.58,74.68,71.49,71.98,7395184
2023-05-23,73.2,73.43,70.5,70.88,6836222
2023-05-24,71.24,74.21,70.62,73.09,7771020
2023-05-25,73.01,74.18,72.3,73.0,7411259
2023-05-26,72.98,73.37,71.41,72.0,5702818
2023-05-29,72.09,72.38,70.38,70.63,5873462
2023-05-30,70.79,70.97,68.56,69.65,5401513
2023-05-31,70.35,70.43,68.38,68.95,5892543
2023-06-01,68.95,69.88,67.6,67.85,6680419
2023-06-02,67.87,68.39,67.51,67.87,5887175
2023-06-05,67.96,68.08,66.5,66.57,5988176
2023-06-06,66.57,66.96,65.21,65.71,7174701
2023-06-07,65.8,66.0,64.81,65.0,5017062
2023-06-08,64.99,66.23,64.86,65.0,4980123
2023-06-09,65.5,65.83,63.6,64.78,8018698
2023-06-12,64.68,65.79,63.36,65.39,7957765
2023-06-13,65.2,65.6,64.54,64.97,5051605
2023-06-14,65.28,66.11,64.55,64.68,5982425
2023-06-15,64.99,67.99,64.68,67.85,8948270
2023-06-16,67.88,68.6,67.21,68.47,6183285
2023-06-19,68.0,68.16,66.25,66.82,6503332
2023-06-20,66.98,67.56,66.25,66.8,4809012
2023-06-21,66.65,67.76,66.33,66.42,4060025
2023-06-26,66.29,68.15,65.11,67.08,6187971
2023-06-27,67.07,70.09,66.88,67.65,6111698
2023-06-28,68.3,69.65,67.95,69.3,7150139
2023-06-29,69.44,70.79,68.9,70.12,6157795
2023-06-30,69.75,71.17,69.35,70.9,5521098
2023-07-03,70.51,71.3,70.4,70.71,4787893
2023-07-04,70.51,71.2,69.55,69.65,4410226
2023-07-05,69.69,69.85,68.68,68.8,3604467
2023-07-06,68.53,69.6,68.42,68.81,3668652
2023-07-07,68.18,68.6,67.1,67.1,3635294
2023-07-10,67.1,69.49,66.88,68.31,3818746
2023-07-11,68.1,68.31,67.1,67.8,2991394
2023-07-12,67.87,68.4,66.66,67.69,3053832
2023-07-13,69.18,70.12,68.6,68.93,5101874
2023-07-14,68.88,68.96,67.59,67.71,3516732
2023-07-17,67.64,67.8,65.98,66.41,4252493
2023-07-18,66.93,66.93,65.01,65.3,5186846
2023-07-19,65.38,65.48,63.87,64.11,6069832
2023-07-20,64.45,64.82,63.63,63.69,5337100
2023-07-21,63.6,63.9,62.99,63.5,3552865
2023-07-24,63.13,63.48,62.23,62.32,5747531
2023-07-25,62.74,63.15,62.01,62.8,7212660
2023-07-26,62.72,63.38,62.3,63.0,5638847
2023-07-27,63.27,63.36,60.88,61.08,8759481
2023-07-28,60.96,62.08,60.52,61.69,5667623
2023-07-31,62.0,62.85,61.5,61.78,5103831
2023-08-01,61.78,62.2,60.8,61.4,6030362
2023-08-02,61.9,61.98,61.05,61.2,3542377
2023-08-03,61.11,61.95,61.02,61.49,3808938
2023-08-04,61.41,61.99,61.35,61.61,3906879
2023-08-07,61.8,61.84,61.07,61.12,3538619
2023-08-08,61.13,61.55,60.46,60.53,4302456
2023-08-09,60.34,60.74,60.01,60.31,2759406
2023-08-10,60.31,60.94,60.2,60.35,3198156
2023-08-11,60.36,60.69,59.75,59.75,3466194
2023-08-14,59.68,59.88,58.9,59.6,3341785
2023-08-15,59.41,59.88,57.45,57.6,9916845
2023-08-16,57.48,58.13,56.06,56.58,5764089
2023-08-17,56.58,56.75,55.8,56.39,4327369
2023-08-18,56.69,57.78,55.88,55.97,4765538
2023-08-21,55.76,56.43,55.35,55.35,3800283
2023-08-22,55.98,56.09,53.63,55.0,8499625
2023-08-23,55.2,55.91,54.53,54.55,5731424
2023-08-24,54.85,56.2,54.54,55.67,5574406
2023-08-25,55.47,56.65,55.35,55.75,5615347
2023-08-28,58.79,59.16,54.0,54.41,10958149
2023-08-29,54.01,56.13,54.0,56.0,7499057
2023-08-30,56.24,58.23,56.0,57.25,7929649
2023-08-31,57.18,57.19,56.1,56.33,4935530
2023-09-01,56.48,56.97,55.38,55.8,5439398
2023-09-04,55.96,56.0,54.76,55.25,6922590
2023-09-05,55.47,56.33,55.25,55.65,5314251
2023-09-06,55.31,55.59,54.72,55.01,4363702
2023-09-07,55.0,55.0,53.45,53.49,4470440
2023-09-08,53.21,53.75,52.37,52.62,5463281
2023-09-11,52.72,53.75,52.35,53.11,7490811
2023-09-12,53.22,53.47,52.6,53.08,3498447
2023-09-13,52.86,53.2,52.0,52.3,5874951
2023-09-14,52.18,52.39,51.23,51.52,6682111
2023-09-15,51.75,51.87,50.7,51.0,6527305
2023-09-18,51.0,51.55,50.48,51.32,4457461
2023-09-19,51.12,51.36,50.36,50.56,5141660
2023-09-20,50.73,50.73,49.8,49.8,5077329
2023-09-21,49.88,49.9,48.61,48.71,7369646
2023-09-22,48.5,48.98,47.92,48.89,7394287
2023-09-25,49.0,49.0,47.92,48.5,6214079
2023-09-26,48.5,48.75,47.68,47.74,5181484
2023-09-27,47.73,49.5,47.53,48.65,8362833
2023-09-28,48.65,48.92,47.66,47.71,7396681
2023-10-09,47.7,48.54,47.13,48.21,6079633
2023-10-10,48.37,48.64,47.45,47.45,4942018
2023-10-11,47.87,48.17,47.01,47.16,5957635
2023-10-12,47.2,47.8,46.72,47.59,6018642
2023-10-13,47.22,47.31,46.2,46.42,5367135
2023-10-16,46.22,46.38,45.15,45.39,6458821
2023-10-17,45.56,45.62,44.88,45.23,4483672
2023-10-18,45.02,45.26,44.35,44.42,4653464
2023-10-19,44.43,44.6,43.9,43.98,6058612
2023-10-20,43.66,44.61,43.5,43.72,6455532
2023-10-23,43.72,43.72,42.24,42.4,6790283
2023-10-24,42.4,43.1,42.11,42.81,6718312
2023-10-25,42.82,43.28,41.97,42.06,8142632
2023-10-26,42.03,42.27,40.73,41.45,11214255
2023-10-27,41.5,44.32,41.45,43.26,19206566
2023-10-30,43.26,44.31,42.66,43.94,14251223
2023-10-31,43.8,44.15,43.07,43.49,6755303
2023-11-01,43.51,43.55,42.66,42.75,5677143
2023-11-02,42.88,42.98,41.46,41.53,7897426
2023-11-03,41.58,43.08,41.54,42.85,10761248
2023-11-06,43.4,46.2,43.09,45.45,18473044
2023-11-07,45.41,47.38,45.01,46.82,20079727
2023-11-08,46.51,47.45,46.4,46.74,13155592
2023-11-09,46.8,47.71,46.43,46.95,10759918
2023-11-10,46.6,47.4,46.26,46.39,8159035
2023-11-13,46.57,46.95,45.89,46.31,8511291
2023-11-14,46.43,46.88,45.77,45.91,8472788
2023-11-15,46.6,46.97,46.19,46.34,9424805
2023-11-16,46.21,46.29,45.15,45.2,6499710
2023-11-17,45.0,45.37,44.71,44.99,5021928
2023-11-20,44.99,45.32,44.14,44.98,6759707
2023-11-21,45.29,45.68,43.95,44.13,9207107
2023-11-22,43.79,44.16,42.9,42.9,8976407
2023-11-23,43.0,43.79,42.69,43.2,6102023
2023-11-24,43.04,43.17,42.41,42.6,5938696
2023-11-27,42.28,42.5,41.4,41.67,9175670
2023-11-28,41.67,42.15,41.28,41.66,6246684
2023-11-29,41.43,44.15,41.0,43.43,19567062
2023-11-30,42.98,43.68,42.32,43.17,11120888
2023-12-01,43.2,44.2,42.32,42.76,11122382
2023-12-04,42.56,42.75,41.76,41.83,8338573
2023-12-05,41.86,42.37,40.9,40.9,7788833
2023-12-06,40.79,41.78,40.7,40.98,8404692
2023-12-07,40.74,40.96,39.6,39.65,14060494
2023-12-08,39.99,40.32,39.21,40.26,22713487
2023-12-11,39.99,42.08,38.91,42.01,16638183
2023-12-12,41.77,42.15,40.83,41.16,9747464
2023-12-13,41.15,41.38,40.27,40.34,6490004
2023-12-14,40.6,41.2,40.15,40.2,5197817
2023-12-15,40.59,42.01,40.42,41.15,11747974
2023-12-18,40.79,41.28,40.29,40.44,7311706
2023-12-19,40.52,41.65,40.41,40.71,8729832
2023-12-20,40.7,40.82,39.8,39.92,7063434
2023-12-21,39.84,41.96,39.51,41.35,12651227
2023-12-22,41.38,42.45,40.75,41.74,12460390
2023-12-25,41.6,41.89,40.9,41.63,9056330
2023-12-26,41.57,41.59,40.12,40.43,8721012
2023-12-27,40.61,40.9,40.0,40.46,7029338
2023-12-28,40.34,44.97,40.31,44.65,24220006
2023-12-29,44.65,44.65,43.75,44.09,12699377
2024-01-02,44.0,44.12,42.69,42.71,10035888
2024-01-03,42.58,43.2,42.36,42.67,8522947
2024-01-04,42.62,42.63,40.92,41.06,10022423
2024-01-05,40.87,41.66,39.58,39.61,11354229
2024-01-08,39.5,40.09,38.54,38.65,10509978
2024-01-09,38.38,40.68,37.41,39.05,15276159
2024-01-10,38.88,40.9,38.5,39.84,12862428
2024-01-11,39.71,40.64,39.41,39.78,12625475
2024-01-12,39.68,40.78,38.75,39.71,13588062
2024-01-15,39.26,39.6,38.37,39.15,8363664
2024-01-16,39.1,40.5,38.62,39.8,9984924
2024-01-17,39.7,39.7,38.33,38.33,8569825
2024-01-18,38.08,39.7,37.91,39.63,15473812
2024-01-19,40.32,41.05,39.2,39.34,14424760
2024-01-22,39.24,39.69,37.96,38.23,13712121
2024-01-23,38.1,39.62,37.61,38.88,12976672
2024-01-24,38.75,38.97,36.28,37.38,22883359
2024-01-25,37.01,38.47,36.35,38.38,15208252
2024-01-26,38.17,38.45,36.83,36.98,12912422
2024-01-29,36.8,36.8,35.1,35.11,13660579
2024-01-30,34.98,35.28,33.64,33.64,12699173
2024-01-31,33.53,33.95,32.72,32.74,14305207
2024-02-01,32.37,34.27,32.37,33.52,12663231
2024-02-02,33.39,33.77,30.86,31.75,18236582
2024-02-05,31.41,32.22,29.5,31.15,17305426
2024-02-06,30.97,33.36,30.81,33.24,17071137
2024-02-07,33.24,34.05,32.7,33.36,19439828
2024-02-08,33.43,34.43,32.65,34.29,22937677
2024-02-19,34.78,34.78,33.63,34.08,14833396
2024-02-20,33.81,34.3,33.49,34.12,10264376
2024-02-21,33.99,35.36,33.55,34.59,14731253
2024-02-22,34.54,35.27,34.4,34.71,12117449
2024-02-23,34.79,35.28,34.45,35.22,12335397
2024-02-26,35.45,36.18,34.7,35.35,16501359
2024-02-27,35.1,36.5,34.9,36.5,14171269
2024-02-28,36.38,38.37,35.7,35.7,23943921
2024-02-29,35.4,37.05,35.12,37.0,16166539
2024-03-01,37.0,37.56,36.67,36.92,14019990
2024-03-04,36.9,37.87,36.71,37.03,14444503
2024-03-05,36.76,36.78,36.02,36.36,11822098
2024-03-06,36.14,37.98,36.1,37.13,15779174
2024-03-07,37.65,37.65,36.0,36.01,12084936
2024-03-08,35.96,37.22,35.95,36.82,12811808
2024-03-11,37.62,39.11,37.22,39.05,27471305
2024-03-12,39.18,40.21,38.8,39.0,21941939
2024-03-13,38.8,39.2,38.42,38.68,12028049
2024-03-14,38.52,39.27,37.85,38.31,12753683
2024-03-15,38.03,38.49,36.98,37.75,14538362
2024-03-18,37.68,38.92,37.46,38.7,16351087
2024-03-19,38.55,39.12,37.9,37.91,11787169
2024-03-20,37.69,38.48,37.52,37.72,9951945
2024-03-21,37.98,38.45,36.85,37.08,14301728
2024-03-22,36.82,37.04,35.6,35.6,15140100
2024-03-25,35.5,35.93,34.8,34.82,11462468
2024-03-26,34.77,35.79,34.73,35.43,10131175
2024-03-27,35.36,35.76,34.28,34.28,8184969
2024-03-28,34.21,35.15,34.21,34.52,8265066
2024-03-29,34.4,34.74,33.8,34.27,9605838
2024-04-01,34.41,35.4,34.33,35.16,11244402
2024-04-02,35.21,35.24,34.53,34.95,9404110
2024-04-03,34.94,35.02,34.48,34.5,7045009
2024-04-08,34.38,34.38,32.72,32.83,15093795
2024-04-09,32.82,33.73,32.71,33.52,7705263
2024-04-10,33.78,33.78,32.51,32.76,7548375
2024-04-11,32.55,33.02,32.24,32.45,7973981
2024-04-12,32.45,32.62,31.55,31.58,11141254
2024-04-15,31.7,32.89,31.66,32.32,14391661
2024-04-16,32.4,33.16,31.82,31.94,16792303
2024-04-17,32.02,32.7,32.0,32.67,14281065
2024-04-18,32.45,32.53,31.54,32.01,13622893
2024-04-19,31.74,31.8,30.98,31.09,13231785
2024-04-22,30.95,31.77,30.72,30.98,9521119
2024-04-23,30.95,31.37,30.06,30.36,11521097
2024-04-24,30.45,30.48,29.76,29.97,9950459
2024-04-25,29.99,30.43,29.45,29.95,10804900
2024-04-26,30.8,34.73,30.8,33.7,41414915
2024-04-29,33.99,35.48,33.63,34.97,32847694
2024-04-30,34.51,34.9,33.87,33.92,19016159
2024-05-06,34.59,34.7,33.96,34.2,20644520
2024-05-07,34.21,34.51,33.83,33.9,14421444
2024-05-08,33.78,33.8,32.79,33.04,14932841
2024-05-09,33.04,34.46,33.04,33.85,22334763
2024-05-10,33.8,33.8,32.61,32.79,18247904
2024-05-13,32.48,32.87,31.79,32.51,14931688
2024-05-14,32.65,32.78,32.05,32.35,11968576
2024-05-15,32.35,33.28,32.35,32.51,17779029
2024-05-16,32.76,34.54,32.42,33.63,30005740
2024-05-17,33.26,33.4,32.41,33.15,19638912
2024-05-20,33.2,33.51,32.88,33.23,14640759
2024-05-21,33.02,33.07,32.64,32.83,10703915
2024-05-22,32.32,35.2,32.32,34.4,42898346
2024-05-23,34.01,34.7,33.08,33.31,27211341
2024-05-24,33.41,35.2,33.4,33.53,31287533
2024-05-27,33.79,33.9,31.66,32.4,26855823
2024-05-28,32.2,32.99,31.87,31.89,16565641
2024-05-29,31.88,34.19,31.88,32.79,31632162
2024-05-30,33.25,33.35,32.12,32.38,19175693
2024-05-31,32.51,32.56,32.0,32.09,15133436
2024-06-03,32.0,32.01,31.3,31.85,13250078
2024-06-04,31.78,32.35,31.49,32.35,14072776
2024-06-05,32.19,32.45,31.48,31.58,13996808
2024-06-06,31.65,32.13,30.97,31.15,16786371
2024-06-07,31.24,31.35,30.72,31.22,12542859
2024-06-11,30.98,31.48,30.51,31.42,10550103
2024-06-12,31.4,32.38,31.22,32.13,16367630
2024-06-13,32.13,34.17,31.88,33.65,38942161
2024-06-14,33.35,33.7,32.78,33.63,20267391
2024-06-17,33.36,34.11,33.15,33.67,16979576
2024-06-18,33.59,33.91,33.42,33.82,20806682
2024-06-19,33.79,33.8,32.66,32.74,15924599
2024-06-20,32.51,32.87,31.08,31.09,20742072
2024-06-21,31.4,31.55,30.66,30.9,12845447
2024-06-24,30.6,30.89,29.92,29.95,12615455
2024-06-25,30.06,30.12,28.76,29.2,16083089
2024-06-26,29.2,29.85,28.63,29.78,11924728
2024-06-27,29.5,29.61,28.64,28.73,12236475
2024-06-28,28.83,29.21,28.69,28.73,9351834
2024-07-01,28.48,28.73,27.41,28.56,15828601
2024-07-02,28.32,28.32,27.53,27.53,11996671
2024-07-03,27.63,28.25,27.41,27.93,9705352
2024-07-04,27.75,28.13,27.63,28.0,11563678
2024-07-05,27.89,30.29,27.82,29.63,24113616
2024-07-08,29.4,29.57,28.47,28.62,11954812
2024-07-09,28.74,29.49,28.2,29.05,17724203
2024-07-10,28.7,29.22,27.78,28.67,12928524
2024-07-11,29.25,30.07,29.05,29.43,14935982
2024-07-12,29.3,29.9,29.13,29.47,13152622
2024-07-15,29.32,29.32,28.64,29.03,8882125
2024-07-16,28.91,29.45,28.83,29.34,9579317
2024-07-17,29.89,30.43,29.52,29.55,14684233
2024-07-18,29.31,30.17,28.85,30.13,14480905
2024-07-19,29.85,30.58,29.85,30.47,12453300
2024-07-22,30.37,30.7,29.87,30.08,10427200
2024-07-23,30.09,30.14,28.92,28.92,10036520
2024-07-24,28.82,29.25,28.44,28.58,7146878
2024-07-25,28.4,29.66,28.38,29.2,11176668
2024-07-26,29.1,29.48,29.02,29.4,8222625
2024-07-29,29.33,29.4,28.27,28.33,10395136
2024-07-30,28.39,28.73,28.08,28.25,6549525
2024-07-31,28.24,29.92,28.01,29.88,14547762
2024-08-01,29.72,30.15,29.46,29.5,8412031
2024-08-02,29.45,29.69,28.7,28.83,9068736
2024-08-05,28.69,29.34,27.71,27.71,12991604
2024-08-06,28.05,29.06,28.05,28.69,11005569
2024-08-07,28.63,29.05,28.47,28.72,6621654
2024-08-08,28.7,28.96,28.18,28.43,6153522
2024-08-09,28.69,28.83,27.82,27.83,9688415
2024-08-12,28.24,28.59,27.56,27.77,7644470
2024-08-13,27.6,27.73,26.78,27.2,11786691
2024-08-14,27.15,27.43,26.79,26.79,7334384
2024-08-15,26.79,27.25,26.42,26.84,8658529
2024-08-16,26.93,27.07,26.72,26.86,5093729
2024-08-19,26.7,26.86,26.15,26.19,8655012
2024-08-20,26.25,26.31,25.56,25.71,7715223
2024-08-21,25.37,25.37,24.28,24.33,18715464
2024-08-22,24.32,24.68,23.32,23.37,16570595
2024-08-23,23.29,23.5,23.0,23.15,11225509
2024-08-26,23.15,23.77,23.11,23.27,10286487
2024-08-27,23.3,23.45,22.85,22.88,11167529
2024-08-28,22.88,22.99,22.6,22.67,9191090
2024-08-29,22.54,23.75,22.37,23.36,16724247
2024-08-30,23.26,24.16,22.98,23.68,20546121
2024-09-02,23.57,23.9,22.5,22.51,16195119
2024-09-03,22.45,23.04,22.31,22.8,12332281
2024-09-04,22.56,23.39,22.51,23.0,11924338
2024-09-05,22.94,23.55,22.88,23.26,9349000
2024-09-06,23.19,23.23,22.61,22.67,7839400
2024-09-09,22.56,22.82,22.32,22.47,7124550
2024-09-10,22.46,22.6,22.07,22.47,8256940
2024-09-11,22.36,22.91,22.24,22.72,8497200
2024-09-12,22.77,23.46,22.52,22.53,11711775
2024-09-13,22.58,22.64,21.97,21.97,8897335
2024-09-18,21.88,22.09,21.66,21.92,6381490
2024-09-19,22.2,22.64,21.82,22.15,9616990
2024-09-20,22.2,22.22,21.46,21.64,10454862
2024-09-23,21.64,21.88,21.39,21.4,7877800
2024-09-24,21.6,22.95,21.45,22.94,21953787
2024-09-25,23.19,23.9,23.19,23.28,21492828
2024-09-26,23.28,24.49,23.08,24.49,21706632
2024-09-27,24.88,27.48,24.87,26.99,42476953
2024-09-30,28.83,32.39,27.88,32.39,63189137
2024-10-08,38.87,38.87,36.26,38.87,78702679
2024-10-09,38.0,42.8,36.72,38.8,95836582
2024-10-10,39.16,39.55,35.49,36.77,52159267
2024-10-11,35.99,36.67,32.47,33.0,48674507
2024-10-14,33.1,34.11,31.95,33.93,36053812
2024-10-15,33.5,34.7,33.12,33.38,30475994
2024-10-16,32.51,33.8,32.48,32.75,19613987
2024-10-17,33.18,33.28,31.9,31.91,20692575
2024-10-18,31.88,36.26,31.6,34.71,47195054
2024-10-21,35.06,38.35,35.06,36.68,55430550
2024-10-22,36.51,37.46,35.71,37.08,35243607
2024-10-23,37.09,38.8,36.19,37.79,48549407
2024-10-24,37.0,37.18,35.68,35.7,32122188
2024-10-25,35.0,38.2,35.0,37.15,50380267
2024-10-28,36.9,36.9,35.75,36.41,29347728
2024-10-29,36.64,37.58,35.02,35.03,32344160
2024-10-30,34.8,35.65,34.52,34.91,20056765
2024-10-31,35.35,36.52,34.97,36.0,33504520
2024-11-01,35.6,35.71,33.91,33.98,30287666
2024-11-04,34.1,34.6,33.85,34.3,15365383
2024-11-05,34.57,35.92,34.06,35.58,28878925
2024-11-06,35.6,37.1,35.3,35.65,33672913
2024-11-07,34.5,36.14,34.25,36.0,27726959
2024-11-08,36.46,37.29,36.08,36.5,38991144
2024-11-11,37.0,39.99,36.88,39.99,60399610
2024-11-12,40.58,40.58,37.8,38.3,45440228
2024-11-13,38.0,41.75,37.9,40.63,57103641
2024-11-14,40.47,41.25,39.0,39.19,34529521
2024-11-15,39.6,39.9,36.78,36.88,32158865
2024-11-18,36.6,36.88,34.56,34.91,26959089
2024-11-19,35.03,36.13,34.56,36.11,20046723
2024-11-20,35.88,36.23,35.28,35.88,17981305
2024-11-21,36.3,36.95,35.53,35.88,19272658
2024-11-22,35.5,35.81,34.03,34.1,21744454
2024-11-25,34.0,34.32,33.28,33.93,13968710
2024-11-26,33.96,34.63,33.52,33.61,9848631
2024-11-27,33.55,34.88,33.22,34.8,13488035
2024-11-28,34.79,35.05,34.04,34.08,11430568
2024-11-29,34.0,35.36,33.8,34.83,15942164
2024-12-02,34.5,35.33,33.62,35.04,17297859
2024-12-03,35.08,35.56,34.79,35.41,15043939
2024-12-04,35.85,36.18,34.7,34.8,16281744
2024-12-05,34.31,34.95,34.31,34.7,9979457
2024-12-06,34.7,35.22,34.17,34.77,13648650
2024-12-09,34.7,34.85,34.01,34.18,11123114
2024-12-10,35.48,35.68,34.32,34.36,17348102
2024-12-11,34.17,34.44,33.66,33.79,14873882
2024-12-12,33.9,34.14,33.33,34.09,14885870
2024-12-13,33.78,33.8,32.75,32.8,18551095
2024-12-16,32.78,32.99,32.13,32.38,10542686
2024-12-17,32.3,32.76,32.18,32.18,8830524
2024-12-18,32.37,32.51,32.16,32.23,7682872
2024-12-19,31.87,32.43,31.73,32.43,9914669
2024-12-20,32.3,33.05,32.1,32.57,11064622
2024-12-23,32.53,34.64,32.33,34.07,31606881
2024-12-24,33.7,34.46,33.42,34.18,19751284
2024-12-25,34.1,34.16,32.91,33.02,15507952
2024-12-26,32.88,33.68,32.88,33.22,11334800
2024-12-27,33.05,34.05,32.95,33.44,16143627
2024-12-30,33.32,33.66,32.88,33.08,10840802
2024-12-31,33.08,33.35,31.89,31.9,14394284
2025-01-02,31.8,31.87,29.99,30.3,16079897
2025-01-03,30.29,30.56,29.3,29.39,12190523
2025-01-06,29.1,29.64,28.79,29.07,10987130
2025-01-07,29.0,29.45,28.8,29.42,8354213
2025-01-08,29.2,29.28,28.15,28.93,11508368
2025-01-09,28.79,29.38,28.7,28.78,8358519
2025-01-10,28.73,28.97,27.78,27.78,10855197
2025-01-13,27.51,28.95,27.44,28.49,11302776
2025-01-14,28.51,29.6,28.3,29.55,13425880
2025-01-15,29.51,30.1,29.16,29.65,12412831
2025-01-16,29.72,30.45,29.39,30.36,16190632
2025-01-17,30.12,32.63,29.96,31.82,26814779
2025-01-20,31.88,32.14,31.51,31.71,13819104
2025-01-21,31.83,32.18,30.96,31.92,12455930
2025-01-22,31.71,32.02,31.14,31.24,8861802
2025-01-23,31.65,31.85,30.83,30.83,12002793
2025-01-24,30.86,31.18,30.65,31.02,10174255
2025-01-27,31.06,31.24,30.57,30.6,8444763
2025-02-05,30.61,30.98,30.35,30.54,6947509
2025-02-06,30.6,32.14,30.27,31.9,15275083
2025-02-07,31.99,32.79,31.8,32.26,19006207
2025-02-10,32.42,32.45,31.59,32.08,12148679
2025-02-11,31.95,32.08,31.4,31.53,9175796
2025-02-12,31.5,32.07,31.33,31.98,11764928
2025-02-13,31.99,32.21,31.26,31.26,10759852
2025-02-14,31.24,31.62,31.02,31.31,9866188
2025-02-17,31.25,31.39,30.92,31.15,11878754
2025-02-18,31.1,31.9,30.66,30.66,15866782
2025-02-19,30.6,31.71,30.6,31.48,14129515
2025-02-20,31.35,31.44,30.85,31.39,12044805
2025-02-21,31.33,31.93,31.13,31.72,17687304
2025-02-24,31.72,33.3,31.48,32.63,26817823
2025-02-25,32.45,32.95,32.21,32.58,18208098
2025-02-26,32.66,34.2,32.32,33.89,32418057
2025-02-27,33.9,34.39,32.92,33.47,25744916
2025-02-28,33.98,35.15,33.05,33.06,37395139
2025-03-03,33.35,34.2,32.63,32.78,24603338
2025-03-04,32.68,33.27,32.52,33.08,15475968
2025-03-05,33.07,33.09,32.02,32.5,14866874
2025-03-06,32.65,34.12,32.51,33.64,23346011
2025-03-07,33.51,33.88,32.72,33.23,17364455
2025-03-10,33.42,33.7,33.05,33.69,13827300
2025-03-11,33.3,33.63,32.91,33.61,12980610
2025-03-12,33.7,35.0,33.7,34.4,24998404
2025-03-13,34.41,34.57,33.07,33.35,15217433
2025-03-14,33.34,34.02,33.07,33.85,13000607
2025-03-17,33.85,35.47,33.82,35.45,32552725
2025-03-18,35.3,35.44,34.87,34.92,16766338
2025-03-19,35.1,35.21,34.32,34.61,14416327
2025-03-20,34.66,34.7,34.3,34.4,9758141
2025-03-21,34.35,34.87,33.56,33.72,13138063
2025-03-24,33.72,34.0,32.83,33.34,11162833
2025-03-25,33.35,33.79,33.04,33.24,8326529
2025-03-26,33.66,33.96,33.2,33.52,9128481
2025-03-27,33.33,33.36,32.38,32.97,10473237
2025-03-28,32.97,33.45,32.6,32.6,7538033
2025-03-31,32.4,32.47,31.55,31.98,8592461
2025-04-01,32.05,32.86,32.02,32.3,6892995
2025-04-02,32.36,32.61,32.11,32.17,5228643
2025-04-03,31.94,32.28,31.63,31.64,7275408
2025-04-07,29.7,30.0,26.5,27.8,22020917
2025-04-08,28.36,28.95,27.51,27.92,14371128
2025-04-09,27.56,28.75,26.92,28.29,13620287
2025-04-10,29.0,29.5,28.67,28.75,11775941
2025-04-11,28.52,30.84,28.5,29.87,15756406
2025-04-14,30.14,30.24,29.6,29.64,9213794
2025-04-15,29.6,29.6,29.12,29.37,5586148
2025-04-16,29.23,29.4,28.45,28.86,7014390
2025-04-17,28.57,29.02,28.5,28.52,5446970
2025-04-18,28.5,28.65,28.27,28.58,4154499
2025-04-21,27.18,28.47,26.8,28.43,13777846
2025-04-22,28.28,29.09,28.1,28.8,8252762
2025-04-23,28.8,29.2,28.3,28.45,7777784
2025-04-24,28.5,28.68,27.75,27.89,6179123
2025-04-25,28.0,28.04,27.66,27.69,5625430
2025-04-28,27.8,27.84,27.26,27.3,4750396
2025-04-29,27.18,27.72,27.08,27.48,6873861
2025-04-30,27.4,27.78,27.4,27.42,5471981
2025-05-06,27.6,28.5,27.55,28.49,8433833
2025-05-07,28.88,29.16,28.18,28.36,7712837
2025-05-08,28.29,28.97,28.28,28.97,8696137
2025-05-09,28.91,28.93,28.29,28.42,6046560
2025-05-12,28.75,28.96,28.6,28.85,7643881
2025-05-13,29.29,29.67,28.86,28.9,12037692
2025-05-14,28.91,29.1,28.4,28.75,7814350
2025-05-15,28.63,28.66,28.01,28.04,6273205
2025-05-16,28.04,28.19,27.81,27.89,6515394
2025-05-19,27.79,28.02,27.51,27.9,4838112
2025-05-20,27.99,28.15,27.8,28.08,4608716
2025-05-21,28.2,29.15,28.17,28.35,10052248
2025-05-22,28.6,29.29,28.6,28.8,12719909
2025-05-23,28.69,28.82,28.09,28.12,8843241
2025-05-26,28.23,28.29,27.84,28.06,4879209
2025-05-27,28.05,28.22,27.83,27.88,4420272
2025-05-28,27.5,27.67,26.6,26.96,7042063
2025-05-29,26.89,27.39,26.89,27.31,4519628
2025-05-30,27.31,27.35,26.96,26.96,4162051
2025-06-03,26.8,27.03,26.78,26.92,3695919
2025-06-04,27.08,27.25,26.95,27.15,3419197
2025-06-05,27.16,27.4,26.97,27.34,5099582
2025-06-06,27.32,27.4,27.16,27.21,3699720
2025-06-09,27.23,27.49,27.18,27.49,5182016
2025-06-10,27.4,27.46,26.81,26.95,6992415
2025-06-11,26.94,27.35,26.94,27.18,4904594
2025-06-12,27.18,27.2,26.92,26.96,4646604
2025-06-13,26.87,27.08,26.6,26.66,5784897
2025-06-16,26.59,26.69,26.3,26.41,6785924
2025-06-17,26.43,26.55,26.33,26.51,4686730
2025-06-18,26.7,26.71,26.35,26.49,4447864
2025-06-19,26.4,26.54,25.8,25.82,7659375
2025-06-20,25.87,26.43,25.87,25.99,6607824
2025-06-23,25.82,26.18,25.68,26.13,5691604
2025-06-24,26.2,26.65,26.15,26.6,8414217
2025-06-25,26.55,26.94,26.43,26.94,9495007
2025-06-26,26.91,27.07,26.56,26.57,8702165
2025-06-27,26.66,27.13,26.66,26.95,10011479
2025-06-30,27.09,27.42,27.0,27.15,9142843
2025-07-01,27.08,27.19,26.88,27.12,6254401
2025-07-02,27.12,27.5,26.91,27.45,14417419
2025-07-03,27.28,27.44,27.05,27.2,8798124
2025-07-04,27.39,27.47,26.9,26.95,8189127
2025-07-07,26.88,27.01,26.71,26.76,4970830
2025-07-08,26.76,28.2,26.73,28.07,23921170
2025-07-09,28.06,28.38,27.77,27.84,10592261
2025-07-10,27.85,28.4,27.82,28.23,15376924
2025-07-11,28.3,28.31,28.0,28.1,9633500
2025-07-14,28.03,28.1,27.8,27.84,7121900
2025-07-15,27.8,27.94,27.22,27.41,10375722
2025-07-16,27.41,27.63,27.28,27.48,7214400
2025-07-17,27.65,27.75,27.35,27.6,8543652
2025-07-18,27.55,28.05,27.49,27.7,9072850
2025-07-21,27.77,28.17,27.63,28.11,10238467
2025-07-22,28.15,28.49,27.99,28.49,13027634
2025-07-23,28.58,28.86,28.1,28.16,12404364
2025-07-24,28.05,28.91,28.05,28.85,14070814
2025-07-25,28.84,28.9,28.52,28.7,8396400
2025-07-28,28.6,28.73,28.4,28.45,8590709
2025-07-29,28.47,29.7,28.27,29.21,19288350
2025-07-30,29.17,29.22,28.5,28.72,11047369
2025-07-31,28.65,28.83,27.8,27.88,14441425
2025-08-01,28.08,29.3,28.08,28.47,20539049
2025-08-04,28.3,28.3,27.77,28.03,12487590
2025-08-05,28.12,28.24,27.98,28.17,7277902
2025-08-06,28.16,28.58,27.99,28.57,11102505
2025-08-07,28.57,28.57,28.07,28.25,10198710
2025-08-08,28.17,28.53,28.07,28.1,11073314
2025-08-11,28.1,28.87,28.01,28.75,15551975
2025-08-12,28.66,28.81,28.37,28.75,11446053
2025-08-13,28.7,29.2,28.52,28.88,14591153
2025-08-14,28.89,29.05,28.27,28.34,15262919
2025-08-15,28.32,29.29,28.32,29.2,20287208
2025-08-18,29.63,29.97,29.22,29.68,22379522
2025-08-19,29.79,30.2,29.51,29.71,18585292
2025-08-20,29.71,30.36,29.51,30.35,21007155
2025-08-21,30.23,30.49,29.9,30.09,16831162
2025-08-22,29.92,30.56,29.91,30.47,19298058
2025-08-25,30.17,30.56,29.56,29.95,37022337
2025-08-26,29.79,30.35,29.58,29.8,19291743
2025-08-27,29.82,30.5,29.3,29.32,26916942
2025-08-28,29.2,30.89,29.2,30.68,34336010
2025-08-29,30.57,30.65,30.04,30.17,19713213
2025-09-01,30.24,30.65,29.93,30.46,18690950
2025-09-02,30.5,31.48,30.15,30.34,38006225
2025-09-03,30.34,30.86,29.68,29.94,23942028
2025-09-04,29.94,31.15,29.2,29.6,32470080
2025-09-05,29.55,35.5,29.55,35.0,88586132
2025-09-08,35.97,35.98,34.15,34.69,72545069
2025-09-09,34.25,34.94,33.18,33.26,45262622
2025-09-10,33.61,34.91,33.03,34.55,50392181
2025-09-11,34.21,36.01,33.83,35.92,52063853
2025-09-12,36.58,37.73,34.94,35.09,60131982
2025-09-15,36.01,40.69,35.33,38.07,69610874
2025-09-16,38.0,39.68,37.81,38.95,53649421
2025-09-17,38.49,39.38,37.57,38.51,42309537
2025-09-18,38.33,39.29,36.53,37.82,50205336
2025-09-19,38.5,39.86,38.5,38.62,48694661
2025-09-22,38.63,39.65,37.41,39.49,43364504
2025-09-23,39.5,39.5,37.51,38.09,36104068
2025-09-24,37.8,39.0,36.85,38.48,38925192
2025-09-25,38.7,41.26,38.49,39.85,49343559
2025-09-26,39.51,45.95,39.18,44.95,72531179
2025-09-29,44.33,48.88,44.02,45.03,77914954
2025-09-30,45.74,46.95,44.98,45.51,54525931
2025-10-09,45.2,48.45,44.73,47.56,56411465
2025-10-10,46.02,46.58,42.51,42.53,57074246
2025-10-13,41.0,43.8,40.77,43.33,34420162
2025-10-14,43.5,45.42,41.97,43.44,47626302
2025-10-15,42.74,43.31,41.2,42.15,35301209
2025-10-16,42.09,42.35,40.67,40.82,31375241
2025-10-17,40.78,40.78,37.71,37.71,45912524
2025-10-20,38.5,39.36,38.25,39.05,31291911
2025-10-21,39.06,41.59,39.05,41.18,40044553
2025-10-22,40.43,41.41,40.39,40.92,20021932
2025-10-23,40.75,41.47,39.72,40.38,22219119
2025-10-24,40.6,42.43,40.6,42.08,27492896
2025-10-27,42.08,42.38,39.3,40.15,43050718
2025-10-28,40.0,40.35,39.13,39.37,22117305
2025-10-29,39.37,40.99,39.28,40.83,25747308
2025-10-30,40.71,40.97,39.5,39.58,20449041
2025-10-31,39.45,40.44,38.98,39.0,17397852
2025-11-03,39.0,39.8,37.9,39.35,19342802
2025-11-04,39.22,39.51,37.91,38.18,14805614
2025-11-05,37.59,39.76,37.51,39.4,18665800
2025-11-06,39.45,39.92,38.78,39.42,14061568
2025-11-07,39.0,40.5,38.52,39.8,25558837
2025-11-10,40.03,43.2,40.03,41.15,40279109
2025-11-11,41.18,42.26,41.03,41.77,31821232
2025-11-12,41.5,41.7,38.63,38.75,29176587
2025-11-13,39.52,40.35,38.88,38.93,19495266
2025-11-14,38.8,41.28,38.15,39.55,24627055
2025-11-17,39.54,39.68,38.22,38.35,15009534
2025-11-18,38.22,38.65,36.55,36.83,26359876
2025-11-19,36.85,37.3,35.4,35.6,23071677
2025-11-20,35.98,36.08,34.92,35.4,17747153
2025-11-21,35.01,35.4,33.96,34.09,15648921
2025-11-24,34.48,34.88,33.8,34.43,13526558
2025-11-25,34.6,35.15,34.45,34.59,13048492
2025-11-26,34.48,36.98,34.2,36.09,29369051
2025-11-27,36.15,37.03,35.46,35.53,21856456
2025-11-28,35.41,37.76,35.28,36.51,25898341
2025-12-01,36.2,36.94,35.67,36.24,16282903
2025-12-02,35.88,36.61,35.7,35.95,10783582
2025-12-03,35.9,36.39,35.36,35.47,12998388
2025-12-04,35.33,35.8,34.92,35.57,9984202
2025-12-05,35.58,35.68,35.05,35.35,10502849
2025-12-08,35.55,36.88,35.53,36.53,17960820
2025-12-09,36.28,36.36,35.74,36.29,12091345
2025-12-10,36.37,37.05,35.85,36.77,18875603
2025-12-11,36.77,37.19,35.85,35.85,13345317
2025-12-12,35.98,36.4,35.05,36.02,15765947
2025-12-15,35.89,36.49,34.63,34.77,15321039
2025-12-16,34.66,34.77,33.26,33.55,15193016
2025-12-17,33.76,34.28,33.25,34.17,12607876
2025-12-18,34.0,34.68,33.81,34.08,10822655
2025-12-19,34.04,35.25,34.04,34.68,13712002
2025-12-22,34.98,38.1,34.51,37.33,32712828
2025-12-23,37.2,39.09,37.09,38.08,30282176
2025-12-24,38.27,40.45,38.1,39.43,34415924
2025-12-25,39.33,39.67,38.26,38.82,22085985
2025-12-26,39.09,39.2,38.08,38.34,20668013
2025-12-29,38.22,38.67,37.81,37.97,14876542
2025-12-30,37.66,37.97,37.3,37.54,12629422
2025-12-31,37.75,37.85,36.61,36.75,15212854
2026-01-05,37.05,37.54,36.61,37.0,18974969
2026-01-06,37.24,38.1,37.14,37.86,27467194
2026-01-07,37.89,38.98,37.89,38.61,34220688
2026-01-08,38.68,39.5,38.23,38.86,29592677
2026-01-09,38.6,39.1,37.9,38.56,29545110
2026-01-12,38.03,42.0,37.97,40.92,52105498
2026-01-13,40.0,40.49,38.08,38.94,44092150
2026-01-14,38.92,40.19,38.52,39.08,36097670
2026-01-15,38.6,39.09,38.02,38.58,22208317
2026-01-16,38.85,42.5,38.76,42.1,67300513
2026-01-19,43.8,44.1,41.94,42.5,57441518
2026-01-20,41.91,43.33,41.1,41.54,35151157
2026-01-21,41.0,41.84,40.52,40.66,33472811
2026-01-22,41.21,43.99,41.21,43.24,56593027
2026-01-23,45.2,51.89,45.05,51.88,109229501
2026-01-26,49.92,50.69,45.8,46.38,76419524
2026-01-27,45.51,47.22,43.89,46.85,62003330
2026-01-28,46.97,47.21,44.9,45.21,36872959
2026-01-29,45.21,49.3,44.72,46.92,64171906
2026-01-30,45.88,46.61,42.03,44.52,56460300
2026-02-02,46.01,48.42,45.41,46.93,60939323
2026-02-03,47.87,56.0,47.79,55.07,90494470
2026-02-04,55.07,65.9,54.45,62.21,124749733
2026-02-05,57.55,58.88,55.01,56.08,92371692
2026-02-06,54.41,57.68,53.78,55.7,76588748
2026-02-09,57.5,60.6,55.62,56.69,86586729
2026-02-10,55.6,57.06,54.79,55.03,52558638
2026-02-11,54.86,55.46,53.3,53.41,39205593
2026-02-12,52.97,53.49,52.18,52.86,35261397
2026-02-13,52.2,52.5,50.98,51.11,27407357
2026-02-24,52.3,52.58,51.02,51.56,28532971
2026-02-25,51.88,54.5,51.1,53.7,55596078
2026-02-26,53.0,56.2,51.87,55.73,54538206
2026-02-27,54.91,56.95,54.33,55.74,43788335
